"Sample_ID","NMDS1","NMDS2","NMDS3","Sample_type","Phylum","Class","Order","Family","Genus","Species","Common_name","Leaf_type","DOC(uM)","TDN(uM)","Tf_volume(mL)","DOCflux(mg)","TDNflux(mg)","Comments","TreeID","Tree_DBH(cm)","Road_distance","Road_direction","Building_distance","Building_direction","Train_distance","Train_direction"
"AC01",-0.929176743259169,0.171814472176179,-0.356713832145871,"Throughfall","Coniferophyta","Pinopsida","Pinales","Cupressaceae","Chamaecyparis","nootkatensis","Alaska cedar","scales",NA,NA,NA,NA,NA,NA,1259,NA,NA,NA,NA,NA,NA,NA
"AC02",0.257901220079594,0.1781555862071,-0.0264398606346492,"Throughfall","Coniferophyta","Pinopsida","Pinales","Cupressaceae","Chamaecyparis","nootkatensis","Alaska cedar","scales",940.092689,NA,NA,NA,NA,NA,1105,NA,NA,NA,NA,NA,NA,NA
"AC03",-0.587337274772358,0.297131870155231,-0.410002752903055,"Throughfall","Coniferophyta","Pinopsida","Pinales","Cupressaceae","Chamaecyparis","nootkatensis","Alaska cedar","scales",NA,NA,NA,NA,NA,NA,1081,NA,NA,NA,NA,NA,NA,NA
"AH01",0.218010840212623,-1.01149784133437,-0.642110685425099,"Throughfall","Anthophyta","Dicotyledoneae","Celastrales","Aquifoliaceae","Ilex","opaca","American holly","leaves",1602.704642,NA,NA,NA,NA,NA,1399,NA,NA,NA,NA,NA,NA,NA
"AH02",0.0364469124532986,-0.0856525944277062,-0.107126007707783,"Throughfall","Anthophyta","Dicotyledoneae","Celastrales","Aquifoliaceae","Ilex","opaca","American holly","leaves",960.0050586,NA,NA,NA,NA,NA,718,NA,NA,NA,NA,NA,NA,NA
"BG01",0.207117790847212,-0.0167889444346804,0.0355561172074929,"Throughfall","Anthophyta","Dicotyledoneae","Cornales","Nyssaceae","Nyssa","sylvatica","Black gum","leaves",861.7859566,NA,NA,NA,NA,NA,660,NA,NA,NA,NA,NA,NA,NA
"BG02",-0.828622560948292,-0.166123790375348,0.1726752672357,"Throughfall","Anthophyta","Dicotyledoneae","Cornales","Nyssaceae","Nyssa","sylvatica","Black gum","leaves",NA,NA,NA,NA,NA,NA,657,NA,NA,NA,NA,NA,NA,NA
"BG03",0.311307310952557,-0.051179092342615,0.059694131402093,"Throughfall","Anthophyta","Dicotyledoneae","Cornales","Nyssaceae","Nyssa","sylvatica","Black gum","leaves",1496.396908,NA,NA,NA,NA,NA,654,NA,NA,NA,NA,NA,NA,NA
"CP01",0.125907636307003,-0.0633988254730837,0.0231179127736294,"Throughfall","Anthophyta","Dicotyledoneae","Rosales","Rosaceae","Pyrus","calleryana","Callery pear","leaves",347.0381291,NA,NA,NA,NA,NA,222,NA,NA,NA,NA,NA,NA,NA
"CP02",0.15620802258015,-0.032736802813758,0.0498947705991674,"Throughfall","Anthophyta","Dicotyledoneae","Rosales","Rosaceae","Pyrus","calleryana","Callery pear","leaves",482.897184,NA,NA,NA,NA,NA,492,NA,NA,NA,NA,NA,NA,NA
"CP03",-0.751642080127297,-0.0651572112406768,0.00803735102853248,"Throughfall","Anthophyta","Dicotyledoneae","Rosales","Rosaceae","Pyrus","calleryana","Callery pear","leaves",NA,NA,NA,NA,NA,NA,523,NA,NA,NA,NA,NA,NA,NA
"DR01",0.283279766481759,0.0570946035991623,0.0677646903088227,"Throughfall","Coniferophyta","Pinopsida","Pinales","Cupressaceae","Metasequoia","glyptostroboides","Dawn redwood","needles",758.4825875,NA,NA,NA,NA,NA,813,NA,NA,NA,NA,NA,NA,NA
"DR02",-0.921185326504213,0.00509075390434444,0.0592517985427597,"Throughfall","Coniferophyta","Pinopsida","Pinales","Cupressaceae","Metasequoia","glyptostroboides","Dawn redwood","needles",NA,NA,NA,NA,NA,"Grass clippings",555,NA,NA,NA,NA,NA,NA,NA
"DR03",0.390731533962781,-0.00650933030633975,0.0588480871866174,"Throughfall","Coniferophyta","Pinopsida","Pinales","Cupressaceae","Metasequoia","glyptostroboides","Dawn redwood","needles",854.6217397,NA,NA,NA,NA,NA,141,NA,NA,NA,NA,NA,NA,NA
"EB03",-0.690556315795911,-0.25132675190577,-0.046863186338063,"Throughfall","Anthophyta","Dicotyledoneae","Fagales","Fagaceae","Fagus","sylvatica","European beech","leaves",NA,NA,NA,NA,NA,NA,1018,NA,NA,NA,NA,NA,NA,NA
"EL01",0.339802201440215,-0.0847931247168988,0.0689202471772043,"Throughfall","Anthophyta","Dicotyledoneae","Urticales","Ulmaceae","Ulmus","americana","American elm","leaves",1184.406819,NA,NA,NA,NA,NA,1243,NA,NA,NA,NA,NA,NA,NA
"EL02",0.211878861364228,-0.0352241427070811,0.0373749668725787,"Throughfall","Anthophyta","Dicotyledoneae","Urticales","Ulmaceae","Ulmus","americana","American elm","leaves",694.4102698,NA,NA,NA,NA,NA,1240,NA,NA,NA,NA,NA,NA,NA
"FD01",-0.872650583342856,-0.381823663367229,-0.0271663230406903,"Throughfall","Anthophyta","Dicotyledoneae","Cornales","Cornaceae","Cornus","florida","Flowering dogwood","leaves",NA,NA,NA,NA,NA,NA,1342,NA,NA,NA,NA,NA,NA,NA
"FD02",0.308041768010664,-0.248004879193682,-0.412226187446134,"Throughfall","Anthophyta","Dicotyledoneae","Cornales","Cornaceae","Cornus","florida","Flowering dogwood","leaves",505.3596624,NA,NA,NA,NA,NA,1334,NA,NA,NA,NA,NA,NA,NA
"FD03",-0.806683892824149,-0.227515569466331,-0.351234347241269,"Throughfall","Anthophyta","Dicotyledoneae","Cornales","Cornaceae","Cornus","florida","Flowering dogwood","leaves",NA,NA,NA,NA,NA,NA,1075,NA,NA,NA,NA,NA,NA,NA
"GR01",0.497056327349291,0.200947379425668,0.405406207354578,"Throughfall","Anthophyta","Dicotyledoneae","Sapindales","Sapindaceae","Koelreuteria","paniculata","Golden raintree","leaves",11169.47414,NA,NA,NA,NA,NA,1383,NA,NA,NA,NA,NA,NA,NA
"GR02",0.515918807922505,-0.027856726697205,0.190020687678371,"Throughfall","Anthophyta","Dicotyledoneae","Sapindales","Sapindaceae","Koelreuteria","paniculata","Golden raintree","leaves",696.0965738,NA,NA,NA,NA,NA,1420,NA,NA,NA,NA,NA,NA,NA
"GR03",0.288689009908219,0.117443719457311,0.165445395669117,"Throughfall","Anthophyta","Dicotyledoneae","Sapindales","Sapindaceae","Koelreuteria","paniculata","Golden raintree","leaves",2955.126964,NA,NA,NA,NA,NA,512,NA,NA,NA,NA,NA,NA,NA
"HC01",0.111174957070101,0.212256394293848,-0.0782316212743017,"Throughfall","Coniferophyta","Pinopsida","Pinales","Cupressaceae","Chamaecyparis","obtusa","Hinoki cypress","scales",1075.394479,NA,NA,NA,NA,NA,1071,NA,NA,NA,NA,NA,NA,NA
"HC02",0.125383561306882,0.038725178428779,-0.158194685450765,"Throughfall","Coniferophyta","Pinopsida","Pinales","Cupressaceae","Chamaecyparis","obtusa","Hinoki cypress","scales",478.028584,NA,NA,NA,NA,"Bucket missed when collecting on 9/7, collected and filtered on 9/8",920,NA,NA,NA,NA,NA,NA,NA
"HC03",0.0538608972830596,-0.0730302592652623,-0.240756198629722,"Throughfall","Coniferophyta","Pinopsida","Pinales","Cupressaceae","Chamaecyparis","obtusa","Hinoki cypress","scales",756.8648452,NA,NA,NA,NA,NA,407,NA,NA,NA,NA,NA,NA,NA
"HL01",-0.698504628173868,0.122956655556319,-0.120473664380439,"Throughfall","Anthophyta","Dicotyledoneae","Fabales","Fabaceae","Gleditsia","triacanthos","Honey locust","leaves",NA,NA,NA,NA,NA,NA,1239,NA,NA,NA,NA,NA,NA,NA
"HL02",-0.650460733092068,0.00537673185389155,-0.0350069129305805,"Throughfall","Anthophyta","Dicotyledoneae","Fabales","Fabaceae","Gleditsia","triacanthos","Honey locust","leaves",NA,NA,NA,NA,NA,NA,1027,NA,NA,NA,NA,NA,NA,NA
"HL03",-0.707923381986049,0.195080145619639,0.178162772457595,"Throughfall","Anthophyta","Dicotyledoneae","Fabales","Fabaceae","Gleditsia","triacanthos","Honey locust","leaves",NA,NA,NA,NA,NA,NA,740,NA,NA,NA,NA,NA,NA,NA
"IO01A",0.200574804882577,0.0629707675614052,0.114066745678797,"Throughfall","Anthophyta","Dicotyledoneae","Fagales","Fagaceae","Quercus","frainetto","Italian oak","leaves",2117.634012,NA,NA,NA,NA,"Bucket A",936,NA,NA,NA,NA,NA,NA,NA
"IO01B",0.319001733493671,0.0958854874374991,0.129061589974178,"Throughfall","Anthophyta","Dicotyledoneae","Fagales","Fagaceae","Quercus","frainetto","Italian oak","leaves",2896.885751,NA,NA,NA,NA,"Bucket B",936,NA,NA,NA,NA,NA,NA,NA
"IO01C",0.299155558572232,0.0566891461093952,0.277578271260324,"Throughfall","Anthophyta","Dicotyledoneae","Fagales","Fagaceae","Quercus","frainetto","Italian oak","leaves",2455.477551,NA,NA,NA,NA,"Bucket C",936,NA,NA,NA,NA,NA,NA,NA
"JM01",0.0520935307558532,-0.0231119930647944,0.194469097047846,"Throughfall","Anthophyta","Dicotyledoneae","Sapindales","Sapindaceae","Acer","palmatum","Japanese maple","leaves",3304.986823,NA,NA,NA,NA,"Actual tree # is 631; coral bark variety",639,NA,NA,NA,NA,NA,NA,NA
"JM02",-0.982870952083014,-0.158646558056525,0.164973433187502,"Throughfall","Anthophyta","Dicotyledoneae","Sapindales","Sapindaceae","Acer","palmatum","Japanese maple","leaves",NA,NA,NA,NA,NA,"Mikawa Yatsubusa variety",640,NA,NA,NA,NA,NA,NA,NA
"JM03",-0.967517550469111,-0.123010090906153,0.0800976692569776,"Throughfall","Anthophyta","Dicotyledoneae","Sapindales","Sapindaceae","Acer","palmatum","Japanese maple","leaves",NA,NA,NA,NA,NA,NA,403,NA,NA,NA,NA,NA,NA,NA
"KA01",0.311366841296345,-0.0184765082086207,0.314979176310024,"Throughfall","Anthophyta","Dicotyledoneae","Hamamelidales","Cercidiphyllaceae","Cercidiphyllum","japonicum","Katsura","leaves",3940.319271,NA,NA,NA,NA,NA,944,NA,NA,NA,NA,NA,NA,NA
"KA02",0.30551307134081,-0.0160969913927323,0.058490008627978,"Throughfall","Anthophyta","Dicotyledoneae","Hamamelidales","Cercidiphyllaceae","Cercidiphyllum","japonicum","Katsura","leaves",1587.682897,NA,NA,NA,NA,NA,287,NA,NA,NA,NA,NA,NA,NA
"KA03",0.344946339738758,0.0361563668288571,0.113531728627412,"Throughfall","Anthophyta","Dicotyledoneae","Hamamelidales","Cercidiphyllaceae","Cercidiphyllum","japonicum","Katsura","leaves",1562.261482,NA,NA,NA,NA,NA,769,NA,NA,NA,NA,NA,NA,NA
"KD01",0.224923864364036,-0.2389267822715,-0.0543670837876215,"Throughfall","Anthophyta","Dicotyledoneae","Cornales","Cornaceae","Cornus","kousa","Kousa dogwood","leaves",1097.974009,NA,NA,NA,NA,NA,268,NA,NA,NA,NA,NA,NA,NA
"KD02",0.248817219338919,-0.249764003725427,0.141315557017244,"Throughfall","Anthophyta","Dicotyledoneae","Cornales","Cornaceae","Cornus","kousa","Kousa dogwood","leaves",1019.848977,NA,NA,NA,NA,NA,1020,NA,NA,NA,NA,NA,NA,NA
"KD03",-0.937948941191652,-0.270950029112542,0.0243842860094125,"Throughfall","Anthophyta","Dicotyledoneae","Cornales","Cornaceae","Cornus","kousa","Kousa dogwood","leaves",NA,NA,NA,NA,NA,NA,834,NA,NA,NA,NA,NA,NA,NA
"KM01",0.229951228621775,-0.40952505540735,-0.142036810402616,"Throughfall","Anthophyta","Dicotyledoneae","Magnoliales","Magnoliaceae","Magnolia","kobus","Kobus magnolia","leaves",3037.859051,NA,NA,NA,NA,NA,1313,NA,NA,NA,NA,NA,NA,NA
"KM02",0.309857297214243,-0.143574117888541,0.00504379615366501,"Throughfall","Anthophyta","Dicotyledoneae","Magnoliales","Magnoliaceae","Magnolia","kobus","Kobus magnolia","leaves",311.4771754,NA,NA,NA,NA,NA,288,NA,NA,NA,NA,NA,NA,NA
"KM03",0.257529191464362,-0.000695470357982071,-0.0378694648784218,"Throughfall","Anthophyta","Dicotyledoneae","Magnoliales","Magnoliaceae","Magnolia","kobus","Kobus magnolia","leaves",457.9300048,NA,NA,NA,NA,NA,790,NA,NA,NA,NA,NA,NA,NA
"LI01",0.0592115978064909,0.300109528252625,0.0205969312729539,"Throughfall","Anthophyta","Dicotyledoneae","Malvales","Malvaceae","Tilia","cordata","Littleleaf linden","leaves",5059.163486,NA,NA,NA,NA,NA,1332,NA,NA,NA,NA,NA,NA,NA
"LI02",0.3873184020628,0.0727100174423459,0.00833943816739488,"Throughfall","Anthophyta","Dicotyledoneae","Malvales","Malvaceae","Tilia","cordata","Littleleaf linden","leaves",1843.052562,NA,NA,NA,NA,NA,939,NA,NA,NA,NA,NA,NA,NA
"LI03",-1.15216472541592,0.273992644489554,0.385964982495891,"Throughfall","Anthophyta","Dicotyledoneae","Malvales","Malvaceae","Tilia","cordata","Littleleaf linden","leaves",NA,NA,NA,NA,NA,NA,737,NA,NA,NA,NA,NA,NA,NA
"LP01",0.322307320572959,0.572854264953451,-0.106143691239038,"Throughfall","Anthophyta","Dicotyledoneae","Hamamelidales","Platanaceae","Platanus","acerifolia","London plane","leaves",2309.882176,NA,NA,NA,NA,NA,1335,NA,NA,NA,NA,NA,NA,NA
"LP02",-0.434039305853771,1.06790230825277,-0.0308003680093476,"Throughfall","Anthophyta","Dicotyledoneae","Hamamelidales","Platanaceae","Platanus","acerifolia","London plane","leaves",NA,NA,NA,NA,NA,NA,227,NA,NA,NA,NA,NA,NA,NA
"LP03",0.35606223718275,0.375397963725173,-0.0632121369651524,"Throughfall","Anthophyta","Dicotyledoneae","Hamamelidales","Platanaceae","Platanus","acerifolia","London plane","leaves",1445.157175,NA,NA,NA,NA,NA,458,NA,NA,NA,NA,NA,NA,NA
"NM01",0.290287117520182,0.0405053337644825,0.0773161848422283,"Throughfall","Anthophyta","Dicotyledoneae","Sapindales","Sapindaceae","Acer","platanoides","Norway maple","leaves",641.636188,NA,NA,NA,NA,NA,1323,NA,NA,NA,NA,NA,NA,NA
"NM02",0.171852228226009,0.163045150997301,-0.00454889765997915,"Throughfall","Anthophyta","Dicotyledoneae","Sapindales","Sapindaceae","Acer","platanoides","Norway maple","leaves",1855.729155,NA,NA,NA,NA,NA,1011,NA,NA,NA,NA,NA,NA,NA
"NM03",0.252146028215654,-0.0682413364107485,0.0573902069846909,"Throughfall","Anthophyta","Dicotyledoneae","Sapindales","Sapindaceae","Acer","platanoides","Norway maple","leaves",1001.603737,NA,NA,NA,NA,NA,1315,NA,NA,NA,NA,NA,NA,NA
"PB01",0.433017141869946,0.0185707859322178,0.189756954137001,"Throughfall","Anthophyta","Dicotyledoneae","Fagales","Betulaceae","Betula","papyrifera","Paper birch","leaves",642.7684205,NA,NA,NA,NA,NA,906,NA,NA,NA,NA,NA,NA,NA
"PB02",0.0270062696185271,-0.00764292136087503,0.091212723124715,"Throughfall","Anthophyta","Dicotyledoneae","Fagales","Betulaceae","Betula","papyrifera","Paper birch","leaves",350.312752,NA,NA,NA,NA,NA,831,NA,NA,NA,NA,NA,NA,NA
"PB03",0.188029678701,0.0301282753903603,-0.065165511165159,"Throughfall","Anthophyta","Dicotyledoneae","Fagales","Betulaceae","Betula","papyrifera","Paper birch","leaves",782.8255874,NA,NA,NA,NA,NA,797,NA,NA,NA,NA,NA,NA,NA
"PM01",-0.708004095964963,0.23706502669831,-0.156339486760595,"Throughfall","Anthophyta","Dicotyledoneae","Sapindales","Sapindaceae","Acer","griseum","Paperbark maple","leaves",NA,NA,NA,NA,NA,NA,966,NA,NA,NA,NA,NA,NA,NA
"PM02",0.35053374401393,-0.0713705634828259,0.112568091478005,"Throughfall","Anthophyta","Dicotyledoneae","Sapindales","Sapindaceae","Acer","griseum","Paperbark maple","leaves",220.1060084,NA,NA,NA,NA,NA,310,NA,NA,NA,NA,NA,NA,NA
"PM03",0.263219416149093,-0.000820258521754322,0.00740370082195352,"Throughfall","Anthophyta","Dicotyledoneae","Sapindales","Sapindaceae","Acer","griseum","Paperbark maple","leaves",350.9349319,NA,NA,NA,NA,NA,428,NA,NA,NA,NA,NA,NA,NA
"PO02",0.350528963389916,0.0538815573589908,0.066141172167075,"Throughfall","Anthophyta","Dicotyledoneae","Fagales","Fagaceae","Quercus","palustris","Pin oak","leaves",1004.177052,NA,NA,NA,NA,NA,819,NA,NA,NA,NA,NA,NA,NA
"PO03",0.207953113517697,-0.00752897539425478,0.0587882290605623,"Throughfall","Anthophyta","Dicotyledoneae","Fagales","Fagaceae","Quercus","palustris","Pin oak","leaves",418.6995982,NA,NA,NA,NA,NA,325,NA,NA,NA,NA,NA,NA,NA
"RB01",-1.0229196969674,-0.0878764616053922,0.486997280534738,"Throughfall","Anthophyta","Dicotyledoneae","Fagales","Betulaceae","Betula","nigra","River birch","leaves",NA,NA,NA,NA,NA,NA,1388,NA,NA,NA,NA,NA,NA,NA
"RB02",-0.622999331776671,-0.0927027080860531,0.231902386088603,"Throughfall","Anthophyta","Dicotyledoneae","Fagales","Betulaceae","Betula","nigra","River birch","leaves",NA,NA,NA,NA,NA,NA,821,NA,NA,NA,NA,NA,NA,NA
"RB03",0.166378075002381,-0.174969979031286,0.19814350102205,"Throughfall","Anthophyta","Dicotyledoneae","Fagales","Betulaceae","Betula","nigra","River birch","leaves",474.0657701,NA,NA,NA,NA,NA,218,NA,NA,NA,NA,NA,NA,NA
"RC01",0.222056872484321,0.044939559096817,-0.112320316972514,"Throughfall","Coniferophyta","Pinopsida","Pinales","Cupressaceae","Juniperus","virginiana","Red cedar","scales",4449.903082,NA,NA,NA,NA,NA,1309,NA,NA,NA,NA,NA,NA,NA
"RC03",0.236681736203318,0.135054960877229,-0.0262524755961135,"Throughfall","Coniferophyta","Pinopsida","Pinales","Cupressaceae","Juniperus","virginiana","Red cedar","scales",2431.211655,NA,NA,NA,NA,NA,825,NA,NA,NA,NA,NA,NA,NA
"RM01",-0.5880418324668,-0.131828101174456,-0.0169545490961936,"Throughfall","Anthophyta","Dicotyledoneae","Sapindales","Sapindaceae","Acer","rubrum","Red maple","leaves",NA,NA,NA,NA,NA,NA,261,NA,NA,NA,NA,NA,NA,NA
"RM02",0.348275527800373,-0.0338486777054112,0.0925157718521705,"Throughfall","Anthophyta","Dicotyledoneae","Sapindales","Sapindaceae","Acer","rubrum","Red maple","leaves",393.5640355,NA,NA,NA,NA,NA,742,NA,NA,NA,NA,NA,NA,NA
"RM03",0.383883294073659,-0.0665438819213987,0.0333710730163771,"Throughfall","Anthophyta","Dicotyledoneae","Sapindales","Sapindaceae","Acer","rubrum","Red maple","leaves",292.5773722,NA,NA,NA,NA,NA,789,NA,NA,NA,NA,NA,NA,NA
"RO01",0.170504469730065,-0.691887878793407,-0.221958795701747,"Throughfall","Anthophyta","Dicotyledoneae","Fagales","Fagaceae","Quercus","rubra","Red oak","leaves",1154.567019,NA,NA,NA,NA,NA,1248,NA,NA,NA,NA,NA,NA,NA
"RO02",0.273777276393645,-0.156385657737771,-0.132439390419882,"Throughfall","Anthophyta","Dicotyledoneae","Fagales","Fagaceae","Quercus","rubra","Red oak","leaves",315.8928824,NA,NA,NA,NA,NA,148,NA,NA,NA,NA,NA,NA,NA
"RO03",0.57306427464027,0.0477341168151202,-0.0446379519071748,"Throughfall","Anthophyta","Dicotyledoneae","Fagales","Fagaceae","Quercus","rubra","Red oak","leaves",1523.985017,NA,NA,NA,NA,NA,543,NA,NA,NA,NA,NA,NA,NA
"RP01",0.118894259861083,0.264086102981328,-0.0608228195134075,"Throughfall","Coniferophyta","Pinopsida","Pinales","Pinaceae","Pinus","resinosa","Red pine","needles",4642.153469,NA,NA,NA,NA,NA,839,NA,NA,NA,NA,NA,NA,NA
"RP02",-0.202881678542911,0.370349155895175,-0.190185007504428,"Throughfall","Coniferophyta","Pinopsida","Pinales","Pinaceae","Pinus","resinosa","Red pine","needles",6296.120051,NA,NA,NA,NA,NA,822,NA,NA,NA,NA,NA,NA,NA
"RP03",-0.160030946490058,0.397099263457796,-0.271701153745144,"Throughfall","Coniferophyta","Pinopsida","Pinales","Pinaceae","Pinus","resinosa","Red pine","needles",6102.295035,NA,NA,NA,NA,NA,748,NA,NA,NA,NA,NA,NA,NA
"SB01",0.211665075003855,-0.50209460730857,0.168362192565111,"Throughfall","Anthophyta","Dicotyledoneae","Magnoliales","Magnoliaceae","Magnolia","virginiana","Sweetbay magnolia","leaves",148.2092412,NA,NA,NA,NA,NA,1310,NA,NA,NA,NA,NA,NA,NA
"SB02",-0.61072289527318,-0.567365363769395,0.396258833302979,"Throughfall","Anthophyta","Dicotyledoneae","Magnoliales","Magnoliaceae","Magnolia","virginiana","Sweetbay magnolia","leaves",NA,NA,NA,NA,NA,NA,1301,NA,NA,NA,NA,NA,NA,NA
"SB03",0.349444183627454,-0.155675628196547,-0.0753752236885869,"Throughfall","Anthophyta","Dicotyledoneae","Magnoliales","Magnoliaceae","Magnolia","virginiana","Sweetbay magnolia","leaves",291.776329,NA,NA,NA,NA,NA,1073,NA,NA,NA,NA,NA,NA,NA
"SG01",0.379896150251872,0.0890454648104572,0.0706922580672295,"Throughfall","Anthophyta","Dicotyledoneae","Saxifragales","Altingiaceae","Liquidambar","styraciflua","Sweetgum","leaves",932.8464007,NA,NA,NA,NA,NA,739,NA,NA,NA,NA,NA,NA,NA
"SG02",0.348077410777466,0.109529035598206,0.0606967650225271,"Throughfall","Anthophyta","Dicotyledoneae","Saxifragales","Altingiaceae","Liquidambar","styraciflua","Sweetgum","leaves",5192.901701,NA,NA,NA,NA,NA,791,NA,NA,NA,NA,NA,NA,NA
"SG03",0.502362597698099,-0.0601369805070535,0.0768671269507643,"Throughfall","Anthophyta","Dicotyledoneae","Saxifragales","Altingiaceae","Liquidambar","styraciflua","Sweetgum","leaves",1110.569164,NA,NA,NA,NA,NA,138,NA,NA,NA,NA,NA,NA,NA
"SM01",0.377806373740876,0.176384762084708,-0.0805397952602052,"Throughfall","Anthophyta","Dicotyledoneae","Magnoliales","Magnoliaceae","Magnolia","soulangeana","Saucer magnolia","leaves",1511.530459,NA,NA,NA,NA,NA,1340,NA,NA,NA,NA,NA,NA,NA
"SM02",0.27199795803,-0.244704818562009,0.0141641357031593,"Throughfall","Anthophyta","Dicotyledoneae","Magnoliales","Magnoliaceae","Magnolia","soulangeana","Saucer magnolia","leaves",354.3887892,NA,NA,NA,NA,NA,1389,NA,NA,NA,NA,NA,NA,NA
"SM03",0.34922825376158,-0.0986090589721938,0.0249269256472688,"Throughfall","Anthophyta","Dicotyledoneae","Magnoliales","Magnoliaceae","Magnolia","soulangeana","Saucer magnolia","leaves",351.218538,NA,NA,NA,NA,NA,344,NA,NA,NA,NA,NA,NA,NA
"SO01",-0.526390085072902,-0.0199565060336421,0.00493225394175466,"Throughfall","Anthophyta","Dicotyledoneae","Fagales","Fagaceae","Quercus","acutissima","Sawtooth oak","leaves",NA,NA,NA,NA,NA,"Grass clippings",562,NA,NA,NA,NA,NA,NA,NA
"SO02",0.30041612947812,0.0632346204139856,0.0746225230831165,"Throughfall","Anthophyta","Dicotyledoneae","Fagales","Fagaceae","Quercus","acutissima","Sawtooth oak","leaves",1475.597568,NA,NA,NA,NA,NA,497,NA,NA,NA,NA,NA,NA,NA
"SO03",-0.44816690492131,0.00209343361892433,-0.0169747192883297,"Throughfall","Anthophyta","Dicotyledoneae","Fagales","Fagaceae","Quercus","acutissima","Sawtooth oak","leaves",NA,NA,NA,NA,NA,NA,503,NA,NA,NA,NA,NA,NA,NA
"ST01",0.159330892737414,-0.144058099814929,0.0169863820846356,"Throughfall","Anthophyta","Dicotyledoneae","Magnoliales","Magnoliaceae","Magnolia","stellata","Star magnolia","leaves",228.1299732,NA,NA,NA,NA,NA,1402,NA,NA,NA,NA,NA,NA,NA
"ST02",0.259950407917044,-0.0526875362566841,0.0170445523309386,"Throughfall","Anthophyta","Dicotyledoneae","Magnoliales","Magnoliaceae","Magnolia","stellata","Star magnolia","leaves",881.429777,NA,NA,NA,NA,NA,907,NA,NA,NA,NA,NA,NA,NA
"ST03",0.20683819565659,-0.116948756860488,0.0176112621903498,"Throughfall","Anthophyta","Dicotyledoneae","Magnoliales","Magnoliaceae","Magnolia","stellata","Star magnolia","leaves",358.5780496,NA,NA,NA,NA,NA,1425,NA,NA,NA,NA,NA,NA,NA
"WC02",0.240360169779239,0.0385114976182542,-0.0284396178728119,"Throughfall","Coniferophyta","Pinopsida","Pinales","Cupressaceae","Thuja","occidentalis","White cedar","scales",4789.625624,NA,NA,NA,NA,NA,246,NA,NA,NA,NA,NA,NA,NA
"WC03",0.10478511794931,0.0721512271535841,-0.00518337893335044,"Throughfall","Coniferophyta","Pinopsida","Pinales","Cupressaceae","Thuja","occidentalis","White cedar","scales",1650.795063,NA,NA,NA,NA,NA,808,NA,NA,NA,NA,NA,NA,NA
"WF01A",-0.043736530632867,0.164182546098487,-0.220265905079395,"Throughfall","Coniferophyta","Pinopsida","Pinales","Pinaceae","Abies","concolor","White fir","needles",5941.677915,NA,NA,NA,NA,"Bucket A",572,NA,NA,NA,NA,NA,NA,NA
"WF01B",-0.0723893311420348,0.27087457354264,-0.233979817831302,"Throughfall","Coniferophyta","Pinopsida","Pinales","Pinaceae","Abies","concolor","White fir","needles",5394.288532,NA,NA,NA,NA,"Bucket B",572,NA,NA,NA,NA,NA,NA,NA
"WF01C",-0.0698976290234087,0.216043247687354,-0.20660878626509,"Throughfall","Coniferophyta","Pinopsida","Pinales","Pinaceae","Abies","concolor","White fir","needles",3087.546361,NA,NA,NA,NA,"Bucket C",572,NA,NA,NA,NA,NA,NA,NA
"WP01",-0.00540846725141223,0.171662320201756,-0.160613967979974,"Throughfall","Coniferophyta","Pinopsida","Pinales","Pinaceae","Pinus","strobus","White pine","needles",2959.655894,NA,NA,NA,NA,NA,1006,NA,NA,NA,NA,NA,NA,NA
"WP02",-0.0910060456852825,0.20807873095674,-0.290873985258961,"Throughfall","Coniferophyta","Pinopsida","Pinales","Pinaceae","Pinus","strobus","White pine","needles",6127.716449,NA,NA,NA,NA,NA,274,NA,NA,NA,NA,NA,NA,NA
"WP03",0.0457349065381838,0.166594698459172,-0.243377197977637,"Throughfall","Coniferophyta","Pinopsida","Pinales","Pinaceae","Pinus","strobus","White pine","needles",8151.029951,NA,NA,NA,NA,NA,235,NA,NA,NA,NA,NA,NA,NA
"ZE01A",0.288549492452,-0.0323055252725955,0.0527989717067386,"Throughfall","Anthophyta","Dicotyledoneae","Urticales","Ulmaceae","Zelkova","serrata","Zelkova","leaves",413.6757475,NA,NA,NA,NA,"Bucket A",756,NA,NA,NA,NA,NA,NA,NA
