Sample_ID,Tree_ID,Sample_type,Phylum,Class,Order,Family,Genus,Species,Latin,PhyloName,CommonName,Leaf_type,Tf_volume_mL,DOC_uM,DOC_mgL-1,DOCflux_mg,TDN_uM,TDN_mgL-1,TDNflux_mg,Comments,DBH_cm,Condition,Defects,Recommendation,Priority,Additional,Location,x,y,OL_dist,OL_angle,OL_sin,OL_cos,GL_dist,GL_angle,GL_sin,GL_cos,CR_dist,CR_angle,CR_sin,CR_cos,BLDG_dist,BLDG_angle,BLDG_sin,BLDG_cos,ROAD_dist,ROAD_angle,ROAD_sin,ROAD_cos,TRAIN_dist,TRAIN_angle,TRAIN_sin,TRAIN_cos
AC01,1259,Throughfall,Coniferophyta,Pinopsida,Pinales,Cupressaceae,Chamaecyparis,nootkatensis,Chamaecyparis nootkatensis,Callitropsis_nootkatensis_ott603160,Alaskan cedar,scales,308.4,#N/A,#N/A,#N/A,735.5667552,10.29793457,3.175883022,,6,Good,Canopy against building,Reduce from building,Low, ,Kerr Hall,-71.091429,42.342,713.994656,-43.747883,-0.691486365,0.722389512,351.135956,-61.628914,-0.879888482,0.475180239,732.593131,-42.096372,-0.670379635,0.742018291,3.941136,-25.051027,-0.423425242,0.905931048,24.264599,160.877188,0.327594099,-0.944818557,351.135956,-61.628914,-0.879888482,0.475180239
AC02,1105,Throughfall,Coniferophyta,Pinopsida,Pinales,Cupressaceae,Chamaecyparis,nootkatensis,Chamaecyparis nootkatensis,Callitropsis_nootkatensis_ott603160,Alaskan cedar,scales,347.7,940.092689,11.28111227,3.922442736,146.0248718,2.044348205,0.710819871,,12,Good,Multi lead. Canopy near school sign and over dwarf blue spruce,Maintain clearance from or move sign. Elevate over spruce,Low, ,Richards facing Dodge,-71.088645,42.340065,288.527246,-43.747883,-0.691486365,0.722389512,52.617948,118.375497,0.879851897,-0.475247977,307.193241,-42.096372,-0.670379635,0.742018291,5.78443,-151.917928,-0.470735838,-0.882274204,42.549406,120.345329,0.862996128,-0.505210533,52.617948,118.375497,0.879851897,-0.475247977
AC03,1081,Throughfall,Coniferophyta,Pinopsida,Pinales,Cupressaceae,Chamaecyparis,nootkatensis,Chamaecyparis nootkatensis,Callitropsis_nootkatensis_ott603160,Alaskan cedar,scales,124.1,#N/A,#N/A,#N/A,696.2974543,9.748164361,1.209747197,,9,Good,Canopy blocks school sign,Clear from sign,Low, ,Dodge facing Richards,-71.087931,42.340129,237.279713,-42.827272,-0.679790473,0.733406377,81.847232,118.375497,0.879851897,-0.475247977,254.75377,-42.096372,-0.670379635,0.742018291,5.494216,28.081165,0.470721872,0.882281655,59.026303,-7.157156,-0.124591326,0.992208144,81.847232,118.375497,0.879851897,-0.475247977
AH01,1399,Throughfall,Anthophyta,Dicotyledoneae,Celastrales,Aquifoliaceae,Ilex,opaca,Ilex opaca,Ilex_opaca_ott660052,American holly,leaves,213.7,1602.704642,19.2324557,4.109975784,2842.31173,39.79236421,8.503628233,,6,Good,Multi lead,None,None at this time, ,White Hall courtyard,-71.091132,42.339826,462.33279,-48.032866,-0.74352853,0.668704214,48.887296,-50.597269,-0.772703318,0.634767345,489.236436,-41.382452,-0.661082098,0.750313575,1.208241,-115.196703,-0.904851552,-0.425727224,23.590938,-115.062323,-0.905847552,-0.42360384,48.887296,-50.597269,-0.772703318,0.634767345
AH02,718,Throughfall,Anthophyta,Dicotyledoneae,Celastrales,Aquifoliaceae,Ilex,opaca,Ilex opaca,Ilex_opaca_ott660052,American holly,leaves,324.8,960.0050586,11.5200607,3.741715716,247.8721619,3.470210267,1.127124295,,6,Good,Tri lead near base,None,None at this time, ,Churchill facing Natatorium,-71.08914,42.338822,198.906556,-43.719651,-0.69113033,0.722730148,191.144586,118.371086,0.879888482,-0.475180239,222.745866,-41.382452,-0.661082098,0.750313575,3.895899,-61.826719,-0.881523723,0.472139731,33.72463,116.839795,0.892272444,-0.451497381,191.144586,118.371086,0.879888482,-0.475180239
BG01,660,Throughfall,Anthophyta,Dicotyledoneae,Cornales,Nyssaceae,Nyssa,sylvatica,Nyssa sylvatica,Nyssa_sylvatica_ott671013,Black gum,leaves,421.6,861.7859566,10.34143148,4.359947512,152.519687,2.135275619,0.900232201,,3,Good,None,None,None at this time, ,Cargill Hall near Forsyth,-71.09051,42.339189,344.704684,-48.032866,-0.74352853,0.668704214,69.150418,129.701134,0.769386912,-0.638783045,373.867054,-41.382452,-0.661082098,0.750313575,7.306811,-148.832572,-0.517540661,-0.855658614,13.963135,20.020213,0.34235163,0.939571903,69.150418,129.701134,0.769386912,-0.638783045
BG02,657,Throughfall,Anthophyta,Dicotyledoneae,Cornales,Nyssaceae,Nyssa,sylvatica,Nyssa sylvatica,Nyssa_sylvatica_ott671013,Black gum,leaves,500.1,#N/A,#N/A,#N/A,101.2796297,1.417914816,0.7090992,,3,Good,None,None,None at this time, ,Cargill Hall near Forsyth,-71.090484,42.339147,338.021317,-48.032866,-0.74352853,0.668704214,75.909021,129.701134,0.769386912,-0.638783045,367.457116,-42.345141,-0.67359503,0.739100626,6.953907,-160.340799,-0.336424774,-0.941710344,13.352786,20.020213,0.34235163,0.939571903,75.909021,129.701134,0.769386912,-0.638783045
BG03,654,Throughfall,Anthophyta,Dicotyledoneae,Cornales,Nyssaceae,Nyssa,sylvatica,Nyssa sylvatica,Nyssa_sylvatica_ott671013,Black gum,leaves,229.6,1496.396908,17.9567629,4.122872761,269.0124088,3.766173724,0.864713487,,3,Good,None,None,None at this time, ,Cargill Hall near Forsyth,-71.090447,42.339094,329.268511,-47.933885,-0.742372205,0.669987694,84.747469,129.701134,0.769386912,-0.638783045,358.977503,-42.345141,-0.67359503,0.739100626,7.509555,-152.299277,-0.464853218,-0.88538776,12.239347,20.020213,0.34235163,0.939571903,84.747469,129.701134,0.769386912,-0.638783045
CP01,222,Throughfall,Anthophyta,Dicotyledoneae,Rosales,Rosaceae,Pyrus,calleryana,Pyrus calleryana,Pyrus_calleryana_ott217646,Callery pear,leaves,503,347.0381291,4.164457549,2.094722147,68.80919288,0.9633287,0.484554336,,13,Good,Weakly attached large diameter limbs,Reduce large diameter limbs,Medium, ,West Village A courtyard,-71.092737,42.337571,360.703539,-40.252394,-0.646155869,0.763205472,166.472052,118.344915,0.880105438,-0.474778282,393.420882,-43.850227,-0.692775622,0.7211532,19.944196,165.385218,0.252319014,-0.967644106,11.250811,162.684886,0.297626719,-0.954682322,166.472052,118.344915,0.880105438,-0.474778282
CP02,492,Throughfall,Anthophyta,Dicotyledoneae,Rosales,Rosaceae,Pyrus,calleryana,Pyrus calleryana,Pyrus_calleryana_ott217646,Callery pear,leaves,482.3,482.897184,5.794766208,2.794815742,18.95591769,0.265382848,0.127994147,,15,Fair,Large diameter limbs,Reduce large diameter limbs,Medium, ,Shillman,-71.090518,42.33738,154.437124,-42.085359,-0.670236997,0.742147133,305.418009,118.199441,0.881308062,-0.472542167,191.244295,-40.495301,-0.649385683,0.760459226,8.395634,57.178722,0.840365371,0.542020335,63.223057,176.895529,0.054156732,-0.998532447,154.437124,-42.085359,-0.670236997,0.742147133
CP03,523,Throughfall,Anthophyta,Dicotyledoneae,Rosales,Rosaceae,Pyrus,calleryana,Pyrus calleryana,Pyrus_calleryana_ott217646,Callery pear,leaves,537.6,#N/A,#N/A,#N/A,60.31061284,0.84434858,0.453921796,,13,Fair,Leans away from building. Support guy wires installed. Large diameter limbs,Reduce large diameter limbs,Low, ,Ryder Hall,-71.090354,42.3368,82.556575,-39.677119,-0.638460508,0.769654585,390.969333,118.199441,0.881308062,-0.472542167,120.552724,-41.66796,-0.664812728,0.747010065,6.569462,-97.753403,-0.990857886,-0.134909781,65.648685,33.279436,0.548722803,0.836004357,82.556575,-39.677119,-0.638460508,0.769654585
DR01,813,Throughfall,Coniferophyta,Pinopsida,Pinales,Cupressaceae,Metasequoia,glyptostroboides,Metasequoia glyptostroboides,Metasequoia_glyptostroboides_ott47954,Dawn redwood,needles,638.3,758.4825875,9.10179105,5.809673227,128.8387801,1.803742921,1.151329107,,18,Fair,None,None,None at this time, ,Snell Library facing T line,-71.087325,42.338502,19.608492,-43.747883,-0.691486365,0.722389512,329.558665,118.375497,0.879851897,-0.475247977,40.200119,-42.924976,-0.68104013,0.732246094,9.182708,-152.074452,-0.468323836,-0.883556894,5.223504,-42.556393,-0.676315541,0.736612035,19.608492,-43.747883,-0.691486365,0.722389512
DR02,555,Throughfall,Coniferophyta,Pinopsida,Pinales,Cupressaceae,Metasequoia,glyptostroboides,Metasequoia glyptostroboides,Metasequoia_glyptostroboides_ott47954,Dawn redwood,needles,105.5,#N/A,#N/A,#N/A,437.8233993,6.129527591,0.646665161,Grass clippings,5,Fair,None,None,None at this time, ,Centennial Common,-71.089874,42.337263,89.433879,-42.085359,-0.670236997,0.742147133,354.826291,118.199441,0.881308062,-0.472542167,125.296747,-40.495301,-0.649385683,0.760459226,41.973179,129.518035,0.771424327,-0.636321073,13.587837,-54.288818,-0.811969626,0.583699689,89.433879,-42.085359,-0.670236997,0.742147133
DR03,141,Throughfall,Coniferophyta,Pinopsida,Pinales,Cupressaceae,Metasequoia,glyptostroboides,Metasequoia glyptostroboides,Metasequoia_glyptostroboides_ott47954,Dawn redwood,needles,384.2,854.6217397,10.25546088,3.940148069,120.0898842,1.681258379,0.645939469,,5,Good,Support guys around trunk,Monitor and remove supports,High, ,ISEC,-71.086758,42.337262,155.070399,136.280349,0.69113033,-0.722730148,523.825175,118.375497,0.879851897,-0.475247977,131.486297,138.617548,0.661082098,-0.750313575,27.023599,109.071002,0.9451144,-0.326739608,23.186301,-50.034129,-0.766427192,0.642331191,131.486297,138.617548,0.661082098,-0.750313575
EB03,1018,Throughfall,Anthophyta,Dicotyledoneae,Fagales,Fagaceae,Fagus,sylvatica,Fagus sylvatica,Fagus_sylvatica_ott774712,Upright European beech,leaves,95.2,#N/A,#N/A,#N/A,391.6380126,5.482932177,0.521975143,Dawyck variety,3,Good,None,None,None at this time, ,Hurtig facing Student Center,-71.086426,42.339602,59.782166,-41.34708,-0.66061876,0.750721556,229.312175,117.25027,0.889014984,-0.457878105,77.223376,-41.825839,-0.666868594,0.745175334,5.641105,27.943853,0.468606093,0.883407228,10.675114,-156.293025,-0.402059243,-0.915613655,59.782166,-41.34708,-0.66061876,0.750721556
EL01,1243,Throughfall,Anthophyta,Dicotyledoneae,Urticales,Ulmaceae,Ulmus,americana,Ulmus americana,Ulmus_americana_ott706094,American elm,leaves,343.5,1184.406819,14.21288183,4.882124908,41.68834552,0.583636837,0.200479254,,6,Fair,Codominant at 8 feet,Reduce one lead,Low, ,140 The Fenway lot,-71.092,42.340295,579.505989,-47.228797,-0.734071261,0.679072444,159.510525,-61.800559,-0.881308062,0.472542167,608.412833,-41.382452,-0.661082098,0.750313575,42.884669,64.898679,0.905559019,0.424220301,40.267842,-24.841884,-0.420115568,0.907470611,159.510525,-61.800559,-0.881308062,0.472542167
EL02,1240,Throughfall,Anthophyta,Dicotyledoneae,Urticales,Ulmaceae,Ulmus,americana,Ulmus americana,Ulmus_americana_ott706094,American elm,leaves,365.5,694.4102698,8.332923238,3.045683443,83.2860844,1.166005182,0.426174894,,6,Good,None,None,None at this time, ,407 Huntington near Hemenway,-71.092049,42.339591,507.811759,-44.763079,-0.704176821,0.710024651,68.535659,-61.800559,-0.881308062,0.472542167,540.821973,-42.790675,-0.679321879,0.733840435,42.261622,-17.663922,-0.303433129,0.952852736,20.570821,115.263469,0.904354843,-0.426781346,68.535659,-61.800559,-0.881308062,0.472542167
FD01,1342,Throughfall,Anthophyta,Dicotyledoneae,Cornales,Cornaceae,Cornus,florida,Cornus florida,Cornus_florida_ott148264,Flowering dogwood,leaves,661.3,#N/A,#N/A,#N/A,23.29783149,0.326169641,0.215695984,,8,Fair,Codominant near base. Decay in smaller lead. Broken branch hanging.,Crown clean,Medium, ,Stetson East facing Speare,-71.089809,42.341227,503.007025,-42.827272,-0.679790473,0.733406377,163.032397,-61.628914,-0.879888482,0.475180239,520.723695,-42.096372,-0.670379635,0.742018291,3.019248,118.297422,0.880498684,-0.474048592,42.628024,-62.083556,-0.883631297,0.468183437,163.032397,-61.628914,-0.879888482,0.475180239
FD02,1334,Throughfall,Anthophyta,Dicotyledoneae,Cornales,Cornaceae,Cornus,florida,Cornus florida,Cornus_florida_ott148264,Flowering dogwood,leaves,720.1,505.3596624,6.064315949,4.366913915,40.85765618,0.572007187,0.411902375,,7,Fair,Susceptible to anthracnose,None,None at this time,Monitor and treat anthracnose as needed,Stetson East facing Speare,-71.090035,42.34096,493.584126,-43.747883,-0.691486365,0.722389512,139.565146,-61.628914,-0.879888482,0.475180239,512.442287,-42.134649,-0.670875198,0.741570272,5.542483,137.447051,0.676271262,-0.736652686,19.068586,-61.039368,-0.874952614,0.484208554,139.565146,-61.628914,-0.879888482,0.475180239
FD03,1075,Throughfall,Anthophyta,Dicotyledoneae,Cornales,Cornaceae,Cornus,florida,Cornus florida,Cornus_florida_ott148264,Flowering dogwood,leaves,602.1,#N/A,#N/A,#N/A,71.56390503,1.00189467,0.603240781,,6,Good,Susceptible to anthracnose,None,None at this time,Monitor and treat anthracnose as needed,Mugar courtyard facing St. Botolph,-71.087198,42.339934,157.295942,-41.34708,-0.66061876,0.750721556,145.535118,117.250619,0.889012195,-0.45788352,174.528852,-42.096372,-0.670379635,0.742018291,4.866306,-61.818649,-0.881457214,0.472263888,30.212243,118.069123,0.882380569,-0.47053643,145.535118,117.250619,0.889012195,-0.45788352
GR01,1383,Throughfall,Anthophyta,Dicotyledoneae,Sapindales,Sapindaceae,Koelreuteria,paniculata,Koelreuteria paniculata,Koelreuteria_paniculata_ott463188,Golden raintree,leaves,349.7,11169.47414,134.0336897,46.87158128,81.20712861,1.136899801,0.39757386,,10,Fair,Small deadwood. Large diameter limb,Reduce large limb,Low, ,Island between Stetson West and Forsyth,-71.090989,42.340823,556.036963,-43.747883,-0.691486365,0.722389512,171.897323,-61.628914,-0.879888482,0.475180239,576.997235,-42.924976,-0.68104013,0.732246094,15.178085,56.400285,0.832923993,0.553387406,17.498131,-159.353696,-0.352598017,-0.935774887,171.897323,-61.628914,-0.879888482,0.475180239
GR02,1420,Throughfall,Anthophyta,Dicotyledoneae,Sapindales,Sapindaceae,Koelreuteria,paniculata,Koelreuteria paniculata,Koelreuteria_paniculata_ott463188,Golden raintree,leaves,549.6,696.0965738,8.353158886,4.590896124,31.65769141,0.44320768,0.243586941,,9,Fair,None,None,None at this time, ,Parking area south of Gainsborough garage,-71.085545,42.339896,13.994621,-39.814452,-0.640303467,0.768122041,244.421838,127.663706,0.791610746,-0.611025717,33.935568,-42.461815,-0.675098696,0.737727423,36.229802,-152.056344,-0.468603056,-0.883408839,2.983613,140.50008,0.636077143,-0.771625472,13.994621,-39.814452,-0.640303467,0.768122041
GR03,512,Throughfall,Anthophyta,Dicotyledoneae,Sapindales,Sapindaceae,Koelreuteria,paniculata,Koelreuteria paniculata,Koelreuteria_paniculata_ott463188,Golden raintree,leaves,537.5,2955.126964,35.46152357,19.06056892,53.90855847,0.754719819,0.405661902,,7,Good,None,None,None at this time, ,Centennial Common,-71.090857,42.336913,136.463892,-39.677119,-0.638460508,0.769654585,351.263117,115.225947,0.904634141,-0.426189008,173.636977,-41.66796,-0.664812728,0.747010065,15.761169,-97.753403,-0.990857886,-0.134909781,30.675988,175.142577,0.084676507,-0.996408495,136.463892,-39.677119,-0.638460508,0.769654585
HC01,1071,Throughfall,Coniferophyta,Pinopsida,Pinales,Cupressaceae,Chamaecyparis,obtusa,Chamaecyparis obtusa,Chamaecyparis_obtusa_ott324772,Hinoki cypress,scales,519.1,1075.394479,12.90473375,6.698847289,159.0567095,2.226793933,1.155928731,,4,Good,None,None,None at this time, ,Mugar courtyard facing St. Botolph,-71.087171,42.340063,167.83385,-41.34708,-0.66061876,0.750721556,129.719697,117.250619,0.889012195,-0.45788352,185.248205,-41.825839,-0.666868594,0.745175334,2.23652,28.006322,0.469568984,0.882895786,14.562338,118.069123,0.882380569,-0.47053643,129.719697,117.250619,0.889012195,-0.45788352
HC02,920,Throughfall,Coniferophyta,Pinopsida,Pinales,Cupressaceae,Chamaecyparis,obtusa,Chamaecyparis obtusa,Chamaecyparis_obtusa_ott324772,Hinoki cypress,scales,1248,478.028584,5.736343008,7.158956074,87.6376861,1.226927605,1.531205651,"Bucket missed when collecting on 9/7, collected and filtered on 9/8",2,Good,None,None,None at this time, ,Curry Student Center south side,-71.087509,42.338786,64.028687,-43.747883,-0.691486365,0.722389512,282.153983,118.375497,0.879851897,-0.475247977,84.37576,-42.924976,-0.68104013,0.732246094,3.713692,118.256556,0.880836573,-0.473420459,49.286651,-42.556393,-0.676315541,0.736612035,64.028687,-43.747883,-0.691486365,0.722389512
HC03,407,Throughfall,Coniferophyta,Pinopsida,Pinales,Cupressaceae,Chamaecyparis,obtusa,Chamaecyparis obtusa,Chamaecyparis_obtusa_ott324772,Hinoki cypress,scales,124.6,756.8648452,9.082378142,1.131664317,183.7319887,2.572247842,0.320502081,,4,Good,Multi stemmed,None,None at this time, ,Behrakis HSC,-71.091605,42.33711,219.434681,-39.677119,-0.638460508,0.769654585,287.494836,118.395078,0.879689428,-0.475548641,254.402452,-43.850227,-0.692775622,0.7211532,2.821476,-99.114897,-0.987372652,-0.158414791,52.985046,160.822252,0.328499854,-0.944504021,219.434681,-39.677119,-0.638460508,0.769654585
HL01,1239,Throughfall,Anthophyta,Dicotyledoneae,Fabales,Fabaceae,Gleditsia,triacanthos,Gleditsia triacanthos,Gleditsia_triacanthos_ott677313,Honeylocust,leaves,406,#N/A,#N/A,#N/A,199.3356601,2.790699242,1.133023892,,17,Fair,Deadwood,Crown clean,Medium, ,407 Huntington near Hemenway,-71.092144,42.339557,511.753736,-44.763079,-0.704176821,0.710024651,69.050438,-61.800559,-0.881308062,0.472542167,545.143945,-42.785743,-0.679258708,0.733898908,51.470266,-8.618974,-0.149862771,0.988706807,20.65979,115.263469,0.904354843,-0.426781346,69.050438,-61.800559,-0.881308062,0.472542167
HL02,1027,Throughfall,Anthophyta,Dicotyledoneae,Fabales,Fabaceae,Gleditsia,triacanthos,Gleditsia triacanthos,Gleditsia_triacanthos_ott677313,Honeylocust,leaves,581.4,#N/A,#N/A,#N/A,99.9315791,1.399042107,0.813403081,,15,Good,Codominant at 6 feet,Reduce smaller leads,Low, ,Courtyard between a Robinson and Mugar,-71.086641,42.339635,80.984188,-41.34708,-0.66061876,0.750721556,214.019834,117.250619,0.889012195,-0.45788352,98.315532,-42.096372,-0.670379635,0.742018291,22.661015,137.415414,0.676677917,-0.736279157,8.751499,27.224975,0.457485577,0.889217042,80.984188,-41.34708,-0.66061876,0.750721556
HL03,740,Throughfall,Anthophyta,Dicotyledoneae,Fabales,Fabaceae,Gleditsia,triacanthos,Gleditsia triacanthos,Gleditsia_triacanthos_ott677313,Honeylocust,leaves,126.5,#N/A,#N/A,#N/A,81.03640585,1.134509682,0.143515475,,17,Fair,Canopy grows into nearby trees. Deadwood over lawn. Multiple large diameter limbs,Clear from nearby trees. Crown clean. Reduce large limbs,Low, ,Dana Research Center near Forsyth,-71.089639,42.337839,131.582802,-45.041266,-0.707615876,0.70659732,291.024794,120.880412,0.858240423,-0.513247871,164.753737,-42.785743,-0.679258708,0.733898908,19.563212,27.995825,0.469407223,0.8829818,22.059874,-164.552836,-0.266349639,-0.963876481,131.582802,-45.041266,-0.707615876,0.70659732
IO01A,936,Throughfall,Anthophyta,Dicotyledoneae,Fagales,Fagaceae,Quercus,frainetto,Quercus frainetto,Quercus_frainetto_ott1065845,Italian oak,leaves,402.2,2117.634012,25.41160814,10.2205488,137.6769967,1.927477953,0.775231633,Bucket A,11,Good,Canopy near building. Vertical seam/frost crack from base to 10 feet,Monitor,Medium, ,Curry Student Center facing Robinson,-71.08723,42.33927,92.007031,-43.747883,-0.691486365,0.722389512,232.749584,118.375497,0.879851897,-0.475247977,110.106789,-42.096372,-0.670379635,0.742018291,6.177068,148.945439,0.515854095,-0.856676457,70.357102,-44.08825,-0.695765511,0.718268998,92.007031,-43.747883,-0.691486365,0.722389512
IO01B,936,Throughfall,Anthophyta,Dicotyledoneae,Fagales,Fagaceae,Quercus,frainetto,Quercus frainetto,Quercus_frainetto_ott1065845,Italian oak,leaves,204.5,2896.885751,34.76262901,7.108957633,157.7770783,2.208879096,0.451715775,Bucket B,11,Good,Canopy near building. Vertical seam/frost crack from base to 10 feet,Monitor,Medium, ,Curry Student Center facing Robinson,-71.08723,42.33927,92.007031,-43.747883,-0.691486365,0.722389512,232.749584,118.375497,0.879851897,-0.475247977,110.106789,-42.096372,-0.670379635,0.742018291,6.177068,148.945439,0.515854095,-0.856676457,70.357102,-44.08825,-0.695765511,0.718268998,92.007031,-43.747883,-0.691486365,0.722389512
IO01C,936,Throughfall,Anthophyta,Dicotyledoneae,Fagales,Fagaceae,Quercus,frainetto,Quercus frainetto,Quercus_frainetto_ott1065845,Italian oak,leaves,428.5,2455.477551,29.46573061,12.62606557,146.5982043,2.05237486,0.879442627,Bucket C,11,Good,Canopy near building. Vertical seam/frost crack from base to 10 feet,Monitor,Medium, ,Curry Student Center facing Robinson,-71.08723,42.33927,92.007031,-43.747883,-0.691486365,0.722389512,232.749584,118.375497,0.879851897,-0.475247977,110.106789,-42.096372,-0.670379635,0.742018291,6.177068,148.945439,0.515854095,-0.856676457,70.357102,-44.08825,-0.695765511,0.718268998,92.007031,-43.747883,-0.691486365,0.722389512
JM01,631,Throughfall,Anthophyta,Dicotyledoneae,Sapindales,Sapindaceae,Acer,palmatum,Acer palmatum,Acer_palmatum_ott506130,Japanese maple,leaves,449.1,3304.986823,39.65984188,17.81123499,188.1933948,2.634707527,1.18324715,Sango kaku variety,4,Good,None,None,None at this time, ,Stearns facing Volpe,-71.091288,42.339098,395.487409,-45.041266,-0.707615876,0.70659732,36.856913,118.199441,0.881308062,-0.472542167,428.297496,-42.790675,-0.679321879,0.733840435,0.637251,-151.972476,-0.469895663,-0.882721964,27.624443,117.191303,0.889485747,-0.456962916,36.856913,118.199441,0.881308062,-0.472542167
JM02,640,Throughfall,Anthophyta,Dicotyledoneae,Sapindales,Sapindaceae,Acer,palmatum,Acer palmatum,Acer_palmatum_ott506130,Japanese maple,leaves,554.2,#N/A,#N/A,#N/A,47.02352253,0.658329315,0.364846107,Mikawa Yatsubusa variety,16,Fair,Codominant at 2 feet with decay at union and in all leads and multiple braches,Reduce,Medium, ,Volpe Hall facing Stearns,-71.091057,42.339024,369.4189,-45.041266,-0.707615876,0.70659732,58.853787,118.199441,0.881308062,-0.472542167,401.845384,-42.790675,-0.679321879,0.733840435,0,0,0,1,49.292951,117.121047,0.890045405,-0.455871887,58.853787,118.199441,0.881308062,-0.472542167
JM03,403,Throughfall,Anthophyta,Dicotyledoneae,Sapindales,Sapindaceae,Acer,palmatum,Acer palmatum,Acer_palmatum_ott506130,Japanese maple,leaves,736.9,#N/A,#N/A,#N/A,65.70281535,0.919839415,0.677829665,,3,Good,None,None,None at this time, ,Behrakis HSC,-71.091481,42.337104,208.255793,-39.677119,-0.638460508,0.769654585,294.821957,118.395078,0.879689428,-0.475548641,243.846184,-43.850227,-0.692775622,0.7211532,4.198157,-101.277217,-0.980692497,-0.195556199,40.900252,-4.857423,-0.084676507,0.996408495,208.255793,-39.677119,-0.638460508,0.769654585
KA01,944,Throughfall,Anthophyta,Dicotyledoneae,Hamamelidales,Cercidiphyllaceae,Cercidiphyllum,japonicum,Cercidiphyllum japonicum,Cercidiphyllum_japonicum_ott324758,Katsuratree,leaves,376,3940.319271,47.28383125,17.77872055,73.27143166,1.025800043,0.385700816,,15,Poor,Dieback. Has been reduced,Monitor,Medium, ,Robinson facing Hurtig Hall,-71.0865,42.339428,48.553066,-41.34708,-0.66061876,0.750721556,248.963343,117.250619,0.889012195,-0.45788352,65.717003,-42.096372,-0.670379635,0.742018291,2.484981,-151.974844,-0.46985918,-0.882741384,7.333687,23.008399,0.390866061,0.920447566,48.553066,-41.34708,-0.66061876,0.750721556
KA02,287,Throughfall,Anthophyta,Dicotyledoneae,Hamamelidales,Cercidiphyllaceae,Cercidiphyllum,japonicum,Cercidiphyllum japonicum,Cercidiphyllum_japonicum_ott324758,Katsuratree,leaves,304.8,1587.682897,19.05219476,5.807108964,118.3189735,1.656465629,0.504890724,,10,Fair,Canopy near building and awning. Large diameter limbs,Clear from building. Reduce large diameter limbs,Low, ,West Village G,-71.092014,42.338527,393.789668,-42.085359,-0.670236997,0.742147133,76.44329,115.225947,0.904634141,-0.426189008,430.043262,-40.495301,-0.649385683,0.760459226,9.08432,118.00784,0.882883345,-0.469592375,67.084636,117.63243,0.885941207,-0.463797561,76.44329,115.225947,0.904634141,-0.426189008
KA03,769,Throughfall,Anthophyta,Dicotyledoneae,Hamamelidales,Cercidiphyllaceae,Cercidiphyllum,japonicum,Cercidiphyllum japonicum,Cercidiphyllum_japonicum_ott324758,Katsuratree,leaves,240,1562.261482,18.74713778,4.499313068,128.5570512,1.799798716,0.431951692,,13,Good,None,None,None at this time, ,Egan Engineering facing Snell Engineering,-71.089046,42.337863,87.509795,-45.041266,-0.707615876,0.70659732,323.116792,118.371086,0.879888482,-0.475180239,118.784119,-42.790675,-0.679321879,0.733840435,13.25979,-46.180461,-0.721524152,0.692389268,70.288126,-49.163678,-0.756580675,0.653900361,87.509795,-45.041266,-0.707615876,0.70659732
KD01,268,Throughfall,Anthophyta,Dicotyledoneae,Cornales,Cornaceae,Cornus,kousa,Cornus kousa,Cornus_kousa_ott22353,Kousa dogwood,leaves,345.6,1097.974009,13.17568811,4.55351781,52.0813779,0.729139291,0.251990539,,4,Fair,None,None,None at this time, ,Between West Village H and Cargill Hall,-71.091892,42.33891,423.166349,-44.763079,-0.704176821,0.710024651,30.126604,117.359578,0.888139834,-0.459573319,458.313831,-42.785743,-0.679258708,0.733898908,12.180014,24.981996,0.422333453,0.906440541,22.169153,117.191303,0.889485747,-0.456962916,30.126604,117.359578,0.888139834,-0.459573319
KD02,1020,Throughfall,Anthophyta,Dicotyledoneae,Cornales,Cornaceae,Cornus,kousa,Cornus kousa,Cornus_kousa_ott22353,Kousa dogwood,leaves,1038.3,1019.848977,12.23818772,12.70691031,15.35019388,0.214902714,0.223133488,,6,Good,None,None,None at this time, ,Robinson facing Mugar,-71.086628,42.339439,60.235373,-42.827272,-0.679790473,0.733406377,240.933344,117.250619,0.889012195,-0.45788352,77.438141,-42.096372,-0.670379635,0.742018291,3.562279,-61.798902,-0.881294396,0.472567654,19.8233,23.008399,0.390866061,0.920447566,60.235373,-42.827272,-0.679790473,0.733406377
KD03,834,Throughfall,Anthophyta,Dicotyledoneae,Cornales,Cornaceae,Cornus,kousa,Cornus kousa,Cornus_kousa_ott22353,Kousa dogwood,leaves,345.2,#N/A,#N/A,#N/A,47.27554938,0.661857691,0.228473275,,8,Good,Multi lead,None,None at this time,In loving memory of Roslyn & Cecil Kopperman,Snell Library facing Curry Student Center,-71.087936,42.338811,101.063618,-43.747883,-0.691486365,0.722389512,256.141,118.375497,0.879851897,-0.475247977,121.838892,-42.924976,-0.68104013,0.732246094,6.762618,-61.899061,-0.882119147,0.471026338,79.664,-143.99243,-0.587892136,-0.808939328,101.063618,-43.747883,-0.691486365,0.722389512
KM01,1313,Throughfall,Anthophyta,Dicotyledoneae,Magnoliales,Magnoliaceae,Magnolia,kobus,Magnolia kobus,Magnolia_kobus_ott664531,Kobus magnolia,leaves,142.8,3037.859051,36.45430861,5.20567527,2264.552102,31.70372943,4.527292563,,10,Good,Codominant at 2 feet,None,None at this time, ,Spears facing Huntington,-71.089403,42.34049,393.804153,-43.747883,-0.691486365,0.722389512,43.877609,-61.628914,-0.879888482,0.475180239,412.768551,-42.134649,-0.670875198,0.741570272,4.511657,102.49084,0.976330597,-0.216283529,26.8703,-61.388158,-0.87788402,0.478873311,43.877609,-61.628914,-0.879888482,0.475180239
KM02,288,Throughfall,Anthophyta,Dicotyledoneae,Magnoliales,Magnoliaceae,Magnolia,kobus,Magnolia kobus,Magnolia_kobus_ott664531,Kobus magnolia,leaves,214.8,311.4771754,3.737726105,0.802863567,100.100448,1.401406271,0.301022067,,18,Good,Tri lead near base,None,None at this time, ,West Village G,-71.092223,42.338215,379.602536,-42.085359,-0.670236997,0.742147133,108.283808,118.395078,0.879689428,-0.475548641,417.228979,-40.565817,-0.650321116,0.759659428,6.659727,-16.318766,-0.280981057,0.959713314,48.005299,-94.744805,-0.996573007,-0.082717849,108.283808,118.395078,0.879689428,-0.475548641
KM03,790,Throughfall,Anthophyta,Dicotyledoneae,Magnoliales,Magnoliaceae,Magnolia,kobus,Magnolia kobus,Magnolia_kobus_ott664531,Kobus magnolia,leaves,571.4,457.9300048,5.495160058,3.139934457,95.24270735,1.333397903,0.761903562,,12,Fair,Codominant near base.,None,None at this time,In recognition of 20th anniversary of Justice George Lewis Ruffin Society,Egan Research Center,-71.089428,42.337348,62.840058,-44.763079,-0.704176821,0.710024651,366.996788,118.199441,0.881308062,-0.472542167,97.302466,-42.785743,-0.679258708,0.733898908,7.623046,32.429709,0.536264524,0.844049975,21.2124,-160.410021,-0.335286799,-0.942116109,62.840058,-44.763079,-0.704176821,0.710024651
LI01,1332,Throughfall,Anthophyta,Dicotyledoneae,Malvales,Malvaceae,Tilia,cordata,Tilia cordata,Tilia_cordata_ott218598,Littleleaf linden,leaves,865.8,5059.163486,60.70996183,52.56268495,205.2553607,2.87357505,2.487941278,,23,Good,Susceptible to aphids. Codominant at 10 feet. Small deadwood,Reduce,Low, ,Stetson West facing Speare,-71.09016,42.340839,491.072748,-43.747883,-0.691486365,0.722389512,130.208985,-61.628914,-0.879888482,0.475180239,510.806485,-40.393424,-0.648032493,0.761612689,14.618426,118.298285,0.880491544,-0.474061854,9.927084,-61.039939,-0.874957439,0.484199834,130.208985,-61.628914,-0.879888482,0.475180239
LI02,939,Throughfall,Anthophyta,Dicotyledoneae,Malvales,Malvaceae,Tilia,cordata,Tilia cordata,Tilia_cordata_ott218598,Littleleaf linden,leaves,195.3,1843.052562,22.11663074,4.319377984,126.3434127,1.768807778,0.345448159,,21,Fair,Aphids. Girdling roots,Root collar excavation,Low,Monitor and treat aphids as needed,Robinson south side,-71.086786,42.338977,25.776145,-43.747883,-0.691486365,0.722389512,294.712176,117.250619,0.889012195,-0.45788352,43.8365,-42.096372,-0.670379635,0.742018291,21.085819,118.20056,0.881298833,-0.472559379,4.543885,-53.916768,-0.808162282,0.588959868,25.776145,-43.747883,-0.691486365,0.722389512
LI03,737,Throughfall,Anthophyta,Dicotyledoneae,Malvales,Malvaceae,Tilia,cordata,Tilia cordata,Tilia_cordata_ott218598,Littleleaf linden,leaves,492.7,#N/A,#N/A,#N/A,72.150014,1.010100196,0.497676367,,21,Good,Aphids. Small deadwood,Crown clean,Low,Monitor aphids,Dana Research Center near Forsyth,-71.089719,42.337884,142.599944,-44.763079,-0.704176821,0.710024651,280.760212,120.017804,0.865869993,-0.500269083,175.823281,-42.785743,-0.679258708,0.733898908,24.302797,27.995825,0.469407223,0.8829818,14.670763,-173.195633,-0.11847965,-0.992956481,142.599944,-44.763079,-0.704176821,0.710024651
LP01,1335,Throughfall,Anthophyta,Dicotyledoneae,Hamamelidales,Platanaceae,Platanus,acerifolia,Platanus acerifolia,NA,London planetree,leaves,358.1,2309.882176,27.71858611,9.926025687,222.1386153,3.109940614,1.113669734,,14,Good,Slight lean over walkway. Deadwood,Crown clean,Medium, ,Stetson East facing Speare,-71.090024,42.34105,502.057534,-43.747883,-0.691486365,0.722389512,150.910514,-61.628914,-0.879888482,0.475180239,520.605662,-42.096372,-0.670379635,0.742018291,9.353611,-151.877504,-0.471358194,-0.881941865,30.335489,-61.039496,-0.874953696,0.484206599,150.910514,-61.628914,-0.879888482,0.475180239
LP02,227,Throughfall,Anthophyta,Dicotyledoneae,Hamamelidales,Platanaceae,Platanus,acerifolia,Platanus acerifolia,NA,London planetree,leaves,478.9,#N/A,#N/A,#N/A,221.1389137,3.095944792,1.482647961,,11,Good,Small deadwood,None,None at this time, ,West Village A courtyard,-71.092627,42.33724,319.163549,-40.252394,-0.646155869,0.763205472,216.151296,118.344915,0.880105438,-0.474778282,350.124641,-43.694409,-0.69081186,0.72303456,20.640592,-25.445617,-0.429654203,0.902993503,15.319387,-20.929263,-0.357215084,0.934022154,216.151296,118.344915,0.880105438,-0.474778282
LP03,458,Throughfall,Anthophyta,Dicotyledoneae,Hamamelidales,Platanaceae,Platanus,acerifolia,Platanus acerifolia,NA,London planetree,leaves,374.9,1445.157175,17.3418861,6.501473099,143.2450319,2.005430446,0.751835874,,16,Good,Small cavity in branch over sidewalk,Remove lower branch over sidewalk. Crown raise over sidewalk and steps  reduce overextended branches,High, ,Ryder hall near ruggles,-71.090617,42.336024,30.055613,-40.252394,-0.646155869,0.763205472,483.621099,118.395078,0.879689428,-0.475548641,61.838999,-43.759032,-0.691626919,0.722254944,58.031212,82.571472,0.991606911,0.129289341,17.664262,-40.549752,-0.650108091,0.75984174,30.055613,-40.252394,-0.646155869,0.763205472
NM01,1323,Throughfall,Anthophyta,Dicotyledoneae,Sapindales,Sapindaceae,Acer,platanoides,Acer platanoides,Acer_platanoides_ott948919,Norway maple,leaves,545.4,641.636188,7.699634256,4.199380523,92.81627664,1.299427873,0.708707962,,17,Fair,Deadwood. Codominant at 9 feet,Crown clean,Medium,Invasive species,Speare facing Stetson East,-71.090076,42.340776,477.753764,-43.747883,-0.691486365,0.722389512,117.404105,-61.628914,-0.879888482,0.475180239,497.536399,-40.255281,-0.646194325,0.763172913,9.613051,-61.747021,-0.880866128,0.473365467,2.91504,118.960061,0.874957439,-0.484199834,117.404105,-61.628914,-0.879888482,0.475180239
NM02,1011,Throughfall,Anthophyta,Dicotyledoneae,Sapindales,Sapindaceae,Acer,platanoides,Acer platanoides,Acer_platanoides_ott948919,Norway maple,leaves,637.4,1855.729155,22.26874986,14.19410116,92.24720075,1.291460811,0.823177121,,20,Fair,Codominant at 9 feet. Deadwood. Prior broken branches,Reduce. Crown clean,Medium,Invasive species,Culianne picnic tables,-71.08615,42.340068,82.283998,-39.814452,-0.640303467,0.768122041,183.93321,121.972888,0.848298756,-0.529517914,101.07815,-42.032438,-0.66955123,0.742765878,10.020225,46.969566,0.730991339,0.68238674,65.432708,-39.49992,-0.636077143,0.771625472,82.283998,-39.814452,-0.640303467,0.768122041
NM03,1315,Throughfall,Anthophyta,Dicotyledoneae,Sapindales,Sapindaceae,Acer,platanoides,Acer platanoides,Acer_platanoides_ott948919,Norway maple,leaves,318.6,1001.603737,12.01924484,3.829331407,145.1039983,2.031455977,0.647221874,,18,Fair,Small deadwood,None,None at this time,Invasive species,Spears facing Opera Pl,-71.089213,42.340604,390.415227,-43.747883,-0.691486365,0.722389512,48.919561,-61.624503,-0.879851897,0.475247977,408.609957,-42.096372,-0.670379635,0.742018291,0.769357,-151.922876,-0.470659644,-0.882314853,15.762015,25.450095,0.429724776,0.90295992,48.919561,-61.624503,-0.879851897,0.475247977
P1,NA,Precipitation,Precipitation,Precipitation,Precipitation,Precipitation,Precipitation,Precipitation,Precipitation,NA,Precipitation,Precipitation,1848.2,141.3026227,1.695631472,3.133866087,33.51287879,0.469180303,0.867139036,,#N/A,#N/A,#N/A,#N/A,#N/A,#N/A,#N/A,#N/A,#N/A,#N/A,#N/A,#N/A,#N/A,#N/A,#N/A,#N/A,#N/A,#N/A,#N/A,#N/A,#N/A,#N/A,#N/A,#N/A,#N/A,#N/A,#N/A,#N/A,#N/A,#N/A,#N/A,#N/A,#N/A
P2,NA,Precipitation,Precipitation,Precipitation,Precipitation,Precipitation,Precipitation,Precipitation,Precipitation,NA,Precipitation,Precipitation,1010.3,103.542667,1.242512004,1.255309878,35.91437902,0.502801306,0.50798016,,#N/A,#N/A,#N/A,#N/A,#N/A,#N/A,#N/A,#N/A,#N/A,#N/A,#N/A,#N/A,#N/A,#N/A,#N/A,#N/A,#N/A,#N/A,#N/A,#N/A,#N/A,#N/A,#N/A,#N/A,#N/A,#N/A,#N/A,#N/A,#N/A,#N/A,#N/A,#N/A,#N/A
P3,NA,Precipitation,Precipitation,Precipitation,Precipitation,Precipitation,Precipitation,Precipitation,Precipitation,NA,Precipitation,Precipitation,955.5,157.9875217,1.89585026,1.811484924,42.66873289,0.59736226,0.57077964,,#N/A,#N/A,#N/A,#N/A,#N/A,#N/A,#N/A,#N/A,#N/A,#N/A,#N/A,#N/A,#N/A,#N/A,#N/A,#N/A,#N/A,#N/A,#N/A,#N/A,#N/A,#N/A,#N/A,#N/A,#N/A,#N/A,#N/A,#N/A,#N/A,#N/A,#N/A,#N/A,#N/A
P4,NA,Precipitation,Precipitation,Precipitation,Precipitation,Precipitation,Precipitation,Precipitation,Precipitation,NA,Precipitation,Precipitation,925,105.943,1.271316,1.1759673,35.55017046,0.497702386,0.460374707,,#N/A,#N/A,#N/A,#N/A,#N/A,#N/A,#N/A,#N/A,#N/A,#N/A,#N/A,#N/A,#N/A,#N/A,#N/A,#N/A,#N/A,#N/A,#N/A,#N/A,#N/A,#N/A,#N/A,#N/A,#N/A,#N/A,#N/A,#N/A,#N/A,#N/A,#N/A,#N/A,#N/A
P5,NA,Precipitation,Precipitation,Precipitation,Precipitation,Precipitation,Precipitation,Precipitation,Precipitation,NA,Precipitation,Precipitation,1930.7,159.64479,1.91573748,3.698714353,38.82235679,0.543512995,1.04936054,,#N/A,#N/A,#N/A,#N/A,#N/A,#N/A,#N/A,#N/A,#N/A,#N/A,#N/A,#N/A,#N/A,#N/A,#N/A,#N/A,#N/A,#N/A,#N/A,#N/A,#N/A,#N/A,#N/A,#N/A,#N/A,#N/A,#N/A,#N/A,#N/A,#N/A,#N/A,#N/A,#N/A
PB01,906,Throughfall,Anthophyta,Dicotyledoneae,Fagales,Betulaceae,Betula,papyrifera,Betula papyrifera,Betula_papyrifera_ott267725,Paper birch,leaves,1541.7,642.7684205,7.713221046,11.89147289,66.41115563,0.929756179,1.433405101,,17,Fair,Tri lead. Small deadwood. Hanger. Two cables installed.,Reduce. Crown clean,Low, ,Island between Student Center and Hayden,-71.088074,42.338992,130.926965,-43.747883,-0.691486365,0.722389512,224.965631,118.375497,0.879851897,-0.475247977,151.570317,-42.924976,-0.68104013,0.732246094,11.451805,28.081212,0.470722596,0.882281269,83.720162,-137.485512,-0.675776616,-0.737106481,130.926965,-43.747883,-0.691486365,0.722389512
PB02,831,Throughfall,Anthophyta,Dicotyledoneae,Fagales,Betulaceae,Betula,papyrifera,Betula papyrifera,Betula_papyrifera_ott267725,Paper birch,leaves,829.2,350.312752,4.203753024,3.485752008,58.95626156,0.825387662,0.684411449,,13,Fair,Tri lead. Small deadwood,None,None at this time, ,Snell Library facing Student Center,-71.087713,42.338648,66.131153,-43.747883,-0.691486365,0.722389512,289.558071,118.375497,0.879851897,-0.475247977,86.918037,-42.924976,-0.68104013,0.732246094,2.734943,-152.074041,-0.468330174,-0.883553534,52.025757,-42.556393,-0.676315541,0.736612035,66.131153,-43.747883,-0.691486365,0.722389512
PB03,797,Throughfall,Anthophyta,Dicotyledoneae,Fagales,Betulaceae,Betula,papyrifera,Betula papyrifera,Betula_papyrifera_ott267725,Paper birch,leaves,982.3,782.8255874,9.393907049,9.227634894,74.54894077,1.043685171,1.025211943,,9,Fair,Codominant near base. Small deadwood. Significant interior sprouting,Thin and reduce sprouts. Crown clean,Low, ,Egan Research Center facing Architecture,-71.089112,42.33735,38.060693,-44.763079,-0.704176821,0.710024651,384.575725,122.732217,0.841206876,-0.54071341,71.676329,-42.785743,-0.679258708,0.733898908,0,0,0,1,20.206283,-40.549752,-0.650108091,0.75984174,38.060693,-44.763079,-0.704176821,0.710024651
PM01,966,Throughfall,Anthophyta,Dicotyledoneae,Sapindales,Sapindaceae,Acer,griseum,Acer griseum,Acer_griseum_ott523216,Paperbark maple,leaves,600,#N/A,#N/A,#N/A,236.2019142,3.306826799,1.98409608,,7,Fair,Has been reduced,None,None at this time, ,Gainsborough Garage south,-71.085774,42.34007,50.250115,-39.814452,-0.640303467,0.768122041,208.212441,127.663706,0.791610746,-0.611025717,70.326268,-42.461815,-0.675098696,0.737727423,3.327549,137.794619,0.67179016,-0.740741508,33.250666,-39.49992,-0.636077143,0.771625472,50.250115,-39.814452,-0.640303467,0.768122041
PM02,310,Throughfall,Anthophyta,Dicotyledoneae,Sapindales,Sapindaceae,Acer,griseum,Acer griseum,Acer_griseum_ott523216,Paperbark maple,leaves,688.1,220.1060084,2.641272101,1.817459333,56.09380986,0.785313338,0.540374108,,5,Fair,None,None,None at this time, ,West Village C north,-71.092362,42.337223,294.988589,-40.252394,-0.646155869,0.763205472,232.442656,118.344915,0.880105438,-0.474778282,327.024553,-43.759032,-0.691626919,0.722254944,6.059196,-99.122795,-0.987350806,-0.158550895,13.130576,159.070737,0.357215084,-0.934022154,232.442656,118.344915,0.880105438,-0.474778282
PM03,428,Throughfall,Anthophyta,Dicotyledoneae,Sapindales,Sapindaceae,Acer,griseum,Acer griseum,Acer_griseum_ott523216,Paperbark maple,leaves,578.9,350.9349319,4.211219183,2.437874785,82.05525556,1.148773578,0.665025024,,6,Fair,Small deadwood. Canopy near building,Reduce from building. Crown clean,Low, ,West Village garage,-71.091293,42.336489,132.739778,-40.252394,-0.646155869,0.763205472,386.202325,118.395078,0.879689428,-0.475548641,164.63044,-43.759032,-0.691626919,0.722254944,0,0,0,1,12.195499,-4.857578,-0.084679202,0.996408266,132.739778,-40.252394,-0.646155869,0.763205472
PO02,819,Throughfall,Anthophyta,Dicotyledoneae,Fagales,Fagaceae,Quercus,palustris,Quercus palustris,Quercus_palustris_ott538292,Pin oak,leaves,455.1,1004.177052,12.05012462,5.484011716,128.9525953,1.805336334,0.821608565,,19,Good,None,None,None at this time, ,East of Snell Library,-71.087035,42.338818,29.319871,-43.747883,-0.691486365,0.722389512,302.896083,118.375497,0.879851897,-0.475247977,48.745196,-39.321964,-0.633677473,0.77359735,24.354523,118.256556,0.880836573,-0.473420459,11.976032,-36.302994,-0.592055292,0.805897345,29.319871,-43.747883,-0.691486365,0.722389512
PO03,325,Throughfall,Anthophyta,Dicotyledoneae,Fagales,Fagaceae,Quercus,palustris,Quercus palustris,Quercus_palustris_ott538292,Pin oak,leaves,562,418.6995982,5.024395178,2.82371009,82.80054108,1.159207575,0.651474657,,12,Good,None,Reduce from building remove small deadwood,Low, ,West village c near ruggles,-71.092692,42.336819,283.70009,-40.251336,-0.646141776,0.763217404,268.533198,118.344915,0.880105438,-0.474778282,313.004244,-41.521656,-0.662903083,0.748705218,0,0,0,1,29.487825,-118.101642,-0.882113367,-0.471037161,268.533198,118.344915,0.880105438,-0.474778282
RB01,1388,Throughfall,Anthophyta,Dicotyledoneae,Fagales,Betulaceae,Betula,nigra,Betula nigra,Betula_nigra_ott267696,River birch,leaves,653.5,#N/A,#N/A,#N/A,68.3989166,0.957584832,0.625781688,,25,Good,Tri lead. Small deadwood. Two cables poorly installed.,Assess and reinstall cables as needed,Medium, ,Island between Stetson West and Forsyth,-71.090842,42.340629,523.939822,-43.747883,-0.691486365,0.722389512,138.343824,-61.628914,-0.879888482,0.475180239,545.044047,-42.924976,-0.68104013,0.732246094,16.695138,28.122784,0.471362627,0.881939496,16.329178,-63.360217,-0.893843122,0.448379831,138.343824,-61.628914,-0.879888482,0.475180239
RB02,821,Throughfall,Anthophyta,Dicotyledoneae,Fagales,Betulaceae,Betula,nigra,Betula nigra,Betula_nigra_ott267696,River birch,leaves,746.6,#N/A,#N/A,#N/A,35.85814668,0.502014054,0.374803692,,12,Fair,Tri lead. Slight lean and unbalanced canopy,Reduce,Low, ,East of Snell Library,-71.087209,42.338726,33.674179,-43.747883,-0.691486365,0.722389512,305.962055,118.375497,0.879851897,-0.475247977,53.786665,-42.924976,-0.68104013,0.732246094,27.469669,118.256556,0.880836573,-0.473420459,18.594527,-42.556393,-0.676315541,0.736612035,33.674179,-43.747883,-0.691486365,0.722389512
RB03,218,Throughfall,Anthophyta,Dicotyledoneae,Fagales,Betulaceae,Betula,nigra,Betula nigra,Betula_nigra_ott267696,River birch,leaves,736.8,474.0657701,5.688789241,4.191499913,32.46577917,0.454520908,0.334891005,,13,Good,Leans away from building,None,None at this time, ,West Village A,-71.092917,42.337526,371.596907,-40.252394,-0.646155869,0.763205472,162.96394,118.344915,0.880105438,-0.474778282,403.182363,-43.694409,-0.69081186,0.72303456,1.88364,164.954246,0.25959031,-0.965718836,6.975322,-15.96796,-0.275099772,0.961415683,162.96394,118.344915,0.880105438,-0.474778282
RC01,1309,Throughfall,Coniferophyta,Pinopsida,Pinales,Cupressaceae,Juniperus,virginiana,Juniperus virginiana,Juniperus_virginiana_ott78161,Eastern red cedar,scales,74.6,4449.903082,53.39883698,3.983553239,272.3328665,3.81266013,0.284424446,,4,Good,None,None,None at this time, ,Spears courtyard facing Huntington,-71.089475,42.340603,411.351482,-43.747883,-0.691486365,0.722389512,62.625608,-61.628914,-0.879888482,0.475180239,430.12112,-42.134649,-0.670875198,0.741570272,0.349026,28.070768,0.470561764,0.882367059,42.132648,25.450095,0.429724776,0.90295992,62.625608,-61.628914,-0.879888482,0.475180239
RC03,825,Throughfall,Coniferophyta,Pinopsida,Pinales,Cupressaceae,Juniperus,virginiana,Juniperus virginiana,Juniperus_virginiana_ott78161,Eastern red cedar,scales,198,2431.211655,29.17453986,5.776558892,343.1139549,4.803595368,0.951111883,,11,Fair,Suppressed by nearby trees,None,None at this time, ,East of Snell Library,-71.087463,42.338635,44.688555,-43.747883,-0.691486365,0.722389512,304.498434,118.375497,0.879851897,-0.475247977,65.22187,-42.924976,-0.68104013,0.732246094,5.181193,-136.052361,-0.694000696,-0.719974329,30.217463,-42.556393,-0.676315541,0.736612035,44.688555,-43.747883,-0.691486365,0.722389512
RM01,261,Throughfall,Anthophyta,Dicotyledoneae,Sapindales,Sapindaceae,Acer,rubrum,Acer rubrum,Acer_rubrum_ott1039827,Red maple,leaves,474.4,#N/A,#N/A,#N/A,268.9067947,3.764695125,1.785971367,,8,Fair,Codominant at 12 feet,Reduce smaller lead,Low, ,Between West Village H and Cargill Hall,-71.091954,42.338812,417.779943,-43.772297,-0.691794116,0.722094801,40.486517,115.225947,0.904634141,-0.426189008,453.398666,-42.785743,-0.679258708,0.733898908,10.078509,151.441078,0.478062268,-0.878325946,32.112378,117.191303,0.889485747,-0.456962916,40.486517,115.225947,0.904634141,-0.426189008
RM02,742,Throughfall,Anthophyta,Dicotyledoneae,Sapindales,Sapindaceae,Acer,rubrum,Acer rubrum,Acer_rubrum_ott1039827,Red maple,leaves,393.8,393.5640355,4.722768426,1.859826206,91.33667934,1.278713511,0.503557381,,16,Fair,Stem girdling roots. Codominant at 5 feet. Canopy in pine trees,Root collar excavation. Clear from pine trees. Reduce,Low, ,Dana Research Center facing Forsyth,-71.089554,42.337851,126.192619,-45.041266,-0.707615876,0.70659732,294.471193,122.624087,0.842225825,-0.539124902,159.057938,-42.790675,-0.679321879,0.733840435,10.447766,27.995825,0.469407223,0.8829818,31.577857,-164.552836,-0.266349639,-0.963876481,126.192619,-45.041266,-0.707615876,0.70659732
RM03,789,Throughfall,Anthophyta,Dicotyledoneae,Sapindales,Sapindaceae,Acer,rubrum,Acer rubrum,Acer_rubrum_ott1039827,Red maple,leaves,773.8,292.5773722,3.510928466,2.716756447,62.86733109,0.880142635,0.681054371,,10,Fair,Codominant at 9 feet. Has been reduced,None,None at this time, ,Egan Research Center,-71.089481,42.337285,60.362985,-44.763079,-0.704176821,0.710024651,372.542699,118.199441,0.881308062,-0.472542167,95.201064,-42.785743,-0.679258708,0.733898908,18.047604,40.077122,0.643818148,0.765178536,12.508026,-160.410021,-0.335286799,-0.942116109,60.362985,-44.763079,-0.704176821,0.710024651
RO01,1248,Throughfall,Anthophyta,Dicotyledoneae,Fagales,Fagaceae,Quercus,rubra,Quercus rubra,Quercus_rubra_ott791115,Red oak,leaves,519.9,1154.567019,13.85480423,7.203112718,1601.83581,22.42570135,11.65912213,,3,Poor,Dieback,Fertilize,Medium, ,140 Fenway northeast side,-71.091347,42.340954,598.509651,-43.747883,-0.691486365,0.722389512,208.248702,-61.628914,-0.879888482,0.475180239,619.657529,-42.793785,-0.679361711,0.733803561,6.238297,-114.934784,-0.906788238,-0.421586398,15.983862,-24.841884,-0.420115568,0.907470611,208.248702,-61.628914,-0.879888482,0.475180239
RO02,148,Throughfall,Anthophyta,Dicotyledoneae,Fagales,Fagaceae,Quercus,rubra,Quercus rubra,Quercus_rubra_ott791115,Red oak,leaves,1131.9,315.8928824,3.790714589,4.290709843,96.68599265,1.353603897,1.532144251,,4,Fair,Support guys around trunk,Monitor and remove support,High, ,ISEC,-71.086431,42.337422,164.679328,136.252117,0.691486365,-0.722389512,519.877648,118.375497,0.879851897,-0.475247977,142.827377,138.617548,0.661082098,-0.750313575,6.322735,131.00395,0.754664349,-0.656111057,18.316869,-50.034129,-0.766427192,0.642331191,142.827377,138.617548,0.661082098,-0.750313575
RO03,543,Throughfall,Anthophyta,Dicotyledoneae,Fagales,Fagaceae,Quercus,rubra,Quercus rubra,Quercus_rubra_ott791115,Red oak,leaves,433.9,1523.985017,18.2878202,7.935085187,138.4561625,1.938386275,0.841065805,,16,Fair,Dead and broken branches. Girdling root,Remove dead and broken branches. Remove girdling root  raise over sidewalk,High, ,Southwest corridor park,-71.089207,42.335923,100.034341,140.322881,0.638460508,-0.769654585,567.716722,118.199441,0.881308062,-0.472542167,62.629021,138.33204,0.664812728,-0.747010065,46.802929,18.114857,0.310922891,0.95043514,18.695284,116.928655,0.891571145,-0.452880662,62.629021,138.33204,0.664812728,-0.747010065
RP01,839,Throughfall,Coniferophyta,Pinopsida,Pinales,Pinaceae,Pinus,resinosa,Pinus resinosa,Pinus_resinosa_ott81207,Red pine,needles,296.5,4642.153469,55.70584163,16.51678204,302.2931094,4.232103532,1.254818697,,10,Fair,Deadwood in lower canopy.,Crown clean,Low, ,Snell Library courtyard facing Curry Student Center,-71.088055,42.338872,116.879045,-43.747883,-0.691486365,0.722389512,241.876718,118.371086,0.879888482,-0.475180239,137.689518,-42.924976,-0.68104013,0.732246094,18.031197,28.081212,0.470722596,0.882281269,74.327634,-143.99243,-0.587892136,-0.808939328,116.879045,-43.747883,-0.691486365,0.722389512
RP02,822,Throughfall,Coniferophyta,Pinopsida,Pinales,Pinaceae,Pinus,resinosa,Pinus resinosa,Pinus_resinosa_ott81207,Red pine,needles,437.2,6296.120051,75.55344061,33.03196424,453.7069524,6.351897333,2.777049514,,24,Fair,Multi lead. Pitch mass borers,None,None at this time, ,East of Snell Library,-71.087315,42.338688,38.279462,-43.747883,-0.691486365,0.722389512,305.321937,118.375497,0.879851897,-0.475247977,58.566586,-42.924976,-0.68104013,0.732246094,23.323418,-150.230512,-0.496511775,-0.868029986,23.452351,-42.556393,-0.676315541,0.736612035,38.279462,-43.747883,-0.691486365,0.722389512
RP03,748,Throughfall,Coniferophyta,Pinopsida,Pinales,Pinaceae,Pinus,resinosa,Pinus resinosa,Pinus_resinosa_ott81207,Red pine,needles,330,6102.295035,73.22754042,24.16508834,369.6776159,5.175486623,1.707910586,,15,Fair,Codominant at 4 feet. Pitch mass borers. Small deadwood,Crown clean,Low, ,Dana Research Center facing Egan Engineering,-71.089427,42.337892,120.554082,-45.041266,-0.707615876,0.70659732,297.289786,125.57586,0.81334595,-0.581780341,152.856775,-42.790675,-0.679321879,0.733840435,1.034983,118.170288,0.881548385,-0.472093682,46.919992,-164.552836,-0.266349639,-0.963876481,120.554082,-45.041266,-0.707615876,0.70659732
SB01,1310,Throughfall,Anthophyta,Dicotyledoneae,Magnoliales,Magnoliaceae,Magnolia,virginiana,Magnolia virginiana,Magnolia_virginiana_ott863066,Sweetbay magnolia,leaves,472.7,148.2092412,1.778510894,0.8407021,35.82332688,0.501526576,0.237071613,,5,Good,Multi stemmed,None,None at this time, ,Spears courtyard facing Huntington,-71.089463,42.340575,407.475452,-43.747883,-0.691486365,0.722389512,58.298198,-61.628914,-0.879888482,0.475180239,426.30518,-42.134649,-0.670875198,0.741570272,1.115637,28.070768,0.470561764,0.882367059,41.29004,-61.388158,-0.87788402,0.478873311,58.298198,-61.628914,-0.879888482,0.475180239
SB02,1301,Throughfall,Anthophyta,Dicotyledoneae,Magnoliales,Magnoliaceae,Magnolia,virginiana,Magnolia virginiana,Magnolia_virginiana_ott863066,Sweetbay magnolia,leaves,974.7,#N/A,#N/A,#N/A,53.41797137,0.747851599,0.728930954,,5,Good,Tri lead,None,None at this time, ,Spears courtyard facing Huntington,-71.089703,42.340463,415.16275,-43.747883,-0.691486365,0.722389512,56.202316,-61.628914,-0.879888482,0.475180239,435.278083,-42.924976,-0.68104013,0.732246094,0,0,0,1,39.326678,-61.388158,-0.87788402,0.478873311,56.202316,-61.628914,-0.879888482,0.475180239
SB03,1073,Throughfall,Anthophyta,Dicotyledoneae,Magnoliales,Magnoliaceae,Magnolia,virginiana,Magnolia virginiana,Magnolia_virginiana_ott863066,Sweetbay magnolia,leaves,524.3,291.776329,3.501315948,1.835739952,69.88251852,0.978355259,0.512951662,,5,Good,Multi stemmed,None,None at this time, ,Mugar courtyard facing St. Botolph,-71.087139,42.340008,159.70105,-41.34708,-0.66061876,0.750721556,138.692768,117.250619,0.889012195,-0.45788352,177.083607,-41.825839,-0.666868594,0.745175334,2.961804,28.006322,0.469568984,0.882895786,23.525823,118.069123,0.882380569,-0.47053643,138.692768,117.250619,0.889012195,-0.45788352
SG01,739,Throughfall,Anthophyta,Dicotyledoneae,Saxifragales,Altingiaceae,Liquidambar,styraciflua,Liquidambar styraciflua,Liquidambar_styraciflua_ott62530,Sweetgum,leaves,608.3,932.8464007,11.19415681,6.809405587,97.82414442,1.369538022,0.833089979,,9,Fair,Codominant at 15 feet,Reduce smaller lead,Low, ,Dana Research Center facing Forsyth,-71.089629,42.337893,136.556918,-45.041266,-0.707615876,0.70659732,284.655919,121.913433,0.848847772,-0.528637362,169.467163,-42.790675,-0.679321879,0.733840435,14.760591,27.995825,0.469407223,0.8829818,24.798696,-173.195633,-0.11847965,-0.992956481,136.556918,-45.041266,-0.707615876,0.70659732
SG02,791,Throughfall,Anthophyta,Dicotyledoneae,Saxifragales,Altingiaceae,Liquidambar,styraciflua,Liquidambar styraciflua,Liquidambar_styraciflua_ott62530,Sweetgum,leaves,294.7,5192.901701,62.31482041,18.36417758,85.50178392,1.197024975,0.35276326,,11,Good,Girdling roots,Root collar excavation,Low, ,Egan Research Center,-71.089396,42.337302,55.488267,-44.763079,-0.704176821,0.710024651,374.711663,118.199441,0.881308062,-0.472542167,90.035806,-42.785743,-0.679258708,0.733898908,9.590612,51.097873,0.778219836,0.627991948,22.284619,-160.410021,-0.335286799,-0.942116109,55.488267,-44.763079,-0.704176821,0.710024651
SG03,138,Throughfall,Anthophyta,Dicotyledoneae,Saxifragales,Altingiaceae,Liquidambar,styraciflua,Liquidambar styraciflua,Liquidambar_styraciflua_ott62530,Sweetgum,leaves,189.8,1110.569164,13.32682997,2.529432328,311.4589255,4.360424957,0.827608657,,4,Good,Support guys around trunk,Monitor and remove supports,High, ,ISEC,-71.086831,42.337369,138.011745,136.280349,0.69113033,-0.722730148,505.74958,118.375497,0.879851897,-0.475247977,114.686318,138.617548,0.661082098,-0.750313575,9.1291,105.502876,0.963617038,-0.267286746,40.800837,-50.034129,-0.766427192,0.642331191,114.686318,138.617548,0.661082098,-0.750313575
SM01,1340,Throughfall,Anthophyta,Dicotyledoneae,Magnoliales,Magnoliaceae,Magnolia,soulangeana,Magnolia x soulangeana,NA,Saucer magnolia,leaves,912.7,1511.530459,18.13836551,16.5548862,118.3108762,1.656352267,1.511752714,,15,Fair,Codominant near base. Decay in smaller lead.,None,None at this time, ,Stetson East facing Speare,-71.089915,42.341181,506.945956,-43.747883,-0.691486365,0.722389512,162.511559,-61.628914,-0.879888482,0.475180239,524.839811,-42.096372,-0.670379635,0.742018291,4.209565,85.987642,0.997548981,0.069971635,41.997866,-62.083556,-0.883631297,0.468183437,162.511559,-61.628914,-0.879888482,0.475180239
SM02,1389,Throughfall,Anthophyta,Dicotyledoneae,Magnoliales,Magnoliaceae,Magnolia,soulangeana,Magnolia x soulangeana,NA,Saucer magnolia,leaves,662,354.3887892,4.25266547,2.815264541,46.06100203,0.644854028,0.426893367,,11,Fair,Tri lead. Small deadwood,Crown clean,Low, ,Marino Rec Center facing Stetson West,-71.090633,42.340563,500.31849,-43.747883,-0.691486365,0.722389512,118.602056,-61.628914,-0.879888482,0.475180239,521.297055,-42.924976,-0.68104013,0.732246094,6.072115,-61.719593,-0.880639422,0.473787091,2.928002,116.639783,0.893843122,-0.448379831,118.602056,-61.628914,-0.879888482,0.475180239
SM03,344,Throughfall,Anthophyta,Dicotyledoneae,Magnoliales,Magnoliaceae,Magnolia,soulangeana,Magnolia x soulangeana,NA,Saucer magnolia,leaves,847.1,351.218538,4.214622456,3.570206682,80.46732996,1.126542619,0.954294253,,7,Good,Codominant near base,None,None at this time, ,West Village G southeast,-71.091811,42.337807,304.419084,-41.746951,-0.665841964,0.746092809,184.105954,115.225947,0.904634141,-0.426189008,342.460824,-40.565817,-0.650321116,0.759659428,5.632763,131.877579,0.744572826,-0.66754124,9.319791,-116.928606,-0.891571532,-0.4528799,184.105954,115.225947,0.904634141,-0.426189008
SO01,562,Throughfall,Anthophyta,Dicotyledoneae,Fagales,Fagaceae,Quercus,acutissima,Quercus acutissima,Quercus_acutissima_ott272706,Sawtooth oak,leaves,442.3,#N/A,#N/A,#N/A,102.3932368,1.433505315,0.634039401,Grass clippings,12,Fair,None,None,None at this time, ,Centennial Common,-71.089966,42.336998,70.229728,-42.085359,-0.670236997,0.742147133,385.205807,118.199441,0.881308062,-0.472542167,107.108013,-40.565817,-0.650321116,0.759659428,44.608203,-42.067463,-0.670005159,0.742356442,13.253855,28.413155,0.475826162,0.879539347,70.229728,-42.085359,-0.670236997,0.742147133
SO02,497,Throughfall,Anthophyta,Dicotyledoneae,Fagales,Fagaceae,Quercus,acutissima,Quercus acutissima,Quercus_acutissima_ott272706,Sawtooth oak,leaves,843.5,1475.597568,17.70717082,14.93599858,179.7474396,2.516464154,2.122637514,,5,Good,None,Remove lower branch over cycling lane,Low, ,Southwest corridor park,-71.089665,42.335627,89.475374,139.747606,0.646155869,-0.763205472,583.196988,116.664177,0.893652141,-0.448760349,56.028096,136.149773,0.692775622,-0.7211532,49.502293,-49.376247,-0.759001452,0.651088931,27.20549,135.415534,0.701959983,-0.712216387,56.028096,136.149773,0.692775622,-0.7211532
SO03,503,Throughfall,Anthophyta,Dicotyledoneae,Fagales,Fagaceae,Quercus,acutissima,Quercus acutissima,Quercus_acutissima_ott272706,Sawtooth oak,leaves,1093,#N/A,#N/A,#N/A,59.90033656,0.838604712,0.91659495,,5,Good,None,Selectively remove sprouts,Low, ,Southwest corridor park,-71.089786,42.335442,97.073094,139.748664,0.646141776,-0.763217404,602.343623,115.225947,0.904634141,-0.426189008,65.484061,136.240968,0.691626919,-0.722254944,37.256286,-49.376247,-0.759001452,0.651088931,37.041598,135.415534,0.701959983,-0.712216387,65.484061,136.240968,0.691626919,-0.722254944
ST01,1402,Throughfall,Anthophyta,Dicotyledoneae,Magnoliales,Magnoliaceae,Magnolia,stellata,Magnolia stellata,Magnolia_stellata_ott664533,Star magnolia,leaves,561.8,228.1299732,2.737559678,1.537961027,73.32223194,1.026511247,0.576694019,,6,Good,None,None,None at this time, ,White Hall courtyard,-71.091117,42.340085,489.475918,-43.719651,-0.69113033,0.722730148,81.258983,-60.845585,-0.873309946,0.487165001,513.669783,-41.382452,-0.661082098,0.750313575,2.450526,97.280795,0.991936978,-0.126732128,34.316522,19.822357,0.339105029,0.940748521,81.258983,-60.845585,-0.873309946,0.487165001
ST02,907,Throughfall,Anthophyta,Dicotyledoneae,Magnoliales,Magnoliaceae,Magnolia,stellata,Magnolia stellata,Magnolia_stellata_ott664533,Star magnolia,leaves,401.7,881.429777,10.57715732,4.248844097,134.5338749,1.883474249,0.756591606,,6,Good,Multi stem,None,None at this time, ,Curry Student Center facing library,-71.087774,42.338827,89.663311,-43.747883,-0.691486365,0.722389512,262.630025,118.375497,0.879851897,-0.475247977,110.235732,-42.924976,-0.68104013,0.732246094,2.978226,95.213432,0.995863124,-0.090866045,75.245829,-42.556393,-0.676315541,0.736612035,89.663311,-43.747883,-0.691486365,0.722389512
ST03,1425,Throughfall,Anthophyta,Dicotyledoneae,Magnoliales,Magnoliaceae,Magnolia,stellata,Magnolia stellata,Magnolia_stellata_ott664533,Star magnolia,leaves,449.5,358.5780496,4.302936595,1.93417,97.93795959,1.371131434,0.61632358,,3,Fair,None,None,None at this time, ,East of Snell Library,-71.08706,42.338791,28.431679,-43.747883,-0.691486365,0.722389512,305.265219,118.375497,0.879851897,-0.475247977,48.242734,-39.321964,-0.633677473,0.77359735,26.732896,118.256556,0.880836573,-0.473420459,11.738541,-36.302994,-0.592055292,0.805897345,28.431679,-43.747883,-0.691486365,0.722389512
WC02,246,Throughfall,Coniferophyta,Pinopsida,Pinales,Cupressaceae,Thuja,occidentalis,Thuja occidentalis,Thuja_occidentalis_ott463720,Northern white cedar,scales,156.7,4789.625624,57.47550749,9.006412023,867.1928505,12.14069991,1.902447675,,6,Fair,Area over planted. Canopy near walkway. Suppressed by river birch,Reduce from walkway,Low, ,West Village H south,-71.092491,42.338209,401.146111,-40.989227,-0.655917114,0.754832922,94.977446,118.395078,0.879689428,-0.475548641,439.239537,-41.66796,-0.664812728,0.747010065,2.970503,73.145495,0.957044111,0.289942356,42.34037,154.909957,0.424042044,-0.905642504,94.977446,118.395078,0.879689428,-0.475548641
WC03,808,Throughfall,Coniferophyta,Pinopsida,Pinales,Cupressaceae,Thuja,occidentalis,Thuja occidentalis,Thuja_occidentalis_ott463720,Northern white cedar,scales,347.3,1650.795063,19.80954076,6.879853505,393.0607129,5.502849981,1.911139798,,7,Fair,Canopy against building. Minor foliage browning,Reduce from building,Low, ,Egan Research Center facing Architecture,-71.088658,42.337663,35.865121,-48.032866,-0.74352853,0.668704214,370.170038,118.371086,0.879888482,-0.475180239,66.588102,-42.790675,-0.679321879,0.733840435,3.370711,133.819293,0.721527124,-0.69238617,19.350183,-55.777104,-0.826855894,0.562413843,35.865121,-48.032866,-0.74352853,0.668704214
WF01A,572,Throughfall,Coniferophyta,Pinopsida,Pinales,Pinaceae,Abies,concolor,Abies concolor,Abies_concolor_ott876315,Concolor fir,needles,199.7,5941.677915,71.30013498,14.23863696,1873.291512,26.22608117,5.237348409,Bucket A,14,Good,None,None,None at this time, ,Ryder Hall,-71.090142,42.336789,63.744528,-42.085359,-0.670236997,0.742147133,403.608402,118.199441,0.881308062,-0.472542167,101.591775,-40.565817,-0.650321116,0.759659428,9.478961,-111.64094,-0.92951321,-0.368788819,48.494291,42.161127,0.671217827,0.741260163,63.744528,-42.085359,-0.670236997,0.742147133
WF01B,572,Throughfall,Coniferophyta,Pinopsida,Pinales,Pinaceae,Abies,concolor,Abies concolor,Abies_concolor_ott876315,Concolor fir,needles,170.4,5394.288532,64.73146238,11.03024119,561.3751698,7.859252378,1.339216605,Bucket B,14,Good,None,None,None at this time, ,Ryder Hall,-71.090142,42.336789,63.744528,-42.085359,-0.670236997,0.742147133,403.608402,118.199441,0.881308062,-0.472542167,101.591775,-40.565817,-0.650321116,0.759659428,9.478961,-111.64094,-0.92951321,-0.368788819,48.494291,42.161127,0.671217827,0.741260163,63.744528,-42.085359,-0.670236997,0.742147133
WF01C,572,Throughfall,Coniferophyta,Pinopsida,Pinales,Pinaceae,Abies,concolor,Abies concolor,Abies_concolor_ott876315,Concolor fir,needles,325.4,3087.546361,37.05055633,12.05625103,339.0187238,4.746262133,1.544433698,Bucket C,14,Good,None,None,None at this time, ,Ryder Hall,-71.090142,42.336789,63.744528,-42.085359,-0.670236997,0.742147133,403.608402,118.199441,0.881308062,-0.472542167,101.591775,-40.565817,-0.650321116,0.759659428,9.478961,-111.64094,-0.92951321,-0.368788819,48.494291,42.161127,0.671217827,0.741260163,63.744528,-42.085359,-0.670236997,0.742147133
WP01,1006,Throughfall,Coniferophyta,Pinopsida,Pinales,Pinaceae,Pinus,strobus,Pinus strobus,Pinus_strobus_ott568616,White pine,needles,146,2959.655894,35.51587073,5.185317126,352.4286948,4.934001727,0.720364252,,14,Fair,Dead branch over walkway,Crown clean,High, ,Culliane facing Hurtig,-71.086582,42.339886,101.031275,-41.34708,-0.66061876,0.750721556,183.381987,117.25027,0.889014984,-0.457878105,118.643365,-41.825839,-0.666868594,0.745175334,0,0,0,1,12.772051,-162.018113,-0.30871632,-0.951154159,101.031275,-41.34708,-0.66061876,0.750721556
WP02,274,Throughfall,Coniferophyta,Pinopsida,Pinales,Pinaceae,Pinus,strobus,Pinus strobus,Pinus_strobus_ott568616,White pine,needles,186.4,6127.716449,73.53259739,13.70647615,1017.720263,14.24808368,2.655842798,,9,Fair,Canopy near building. Lower needles yellowing,Reduce from building,Low,Fertilize,Cargill Hall facing West Village,-71.091757,42.338885,409.892708,-44.763079,-0.704176821,0.710024651,40.489521,118.199441,0.881308062,-0.472542167,444.774301,-42.785743,-0.679258708,0.733898908,0.713779,28.370613,0.475172975,0.879892405,32.331789,117.191303,0.889485747,-0.456962916,40.489521,118.199441,0.881308062,-0.472542167
WP03,235,Throughfall,Coniferophyta,Pinopsida,Pinales,Pinaceae,Pinus,strobus,Pinus strobus,Pinus_strobus_ott568616,White pine,needles,103.9,8151.029951,97.81235941,10.16270414,1568.916229,21.96482721,2.282145547,,8,Fair,Area overplanted. Small deadwood in lower canopy. Canopy near building,Reduce from building. Crown clean,Low, ,West Village A north,-71.092695,42.337944,393.157283,-39.677119,-0.638460508,0.769654585,119.15705,118.344915,0.880105438,-0.474778282,429.065903,-43.850227,-0.692775622,0.7211532,2.447822,-84.145413,-0.994783979,0.102004097,38.600911,154.909957,0.424042044,-0.905642504,119.15705,118.344915,0.880105438,-0.474778282
ZE01A,756,Throughfall,Anthophyta,Dicotyledoneae,Urticales,Ulmaceae,Zelkova,serrata,Zelkova serrata,Zelkova_serrata_ott762463,Japanese zelkova,leaves,336.7,413.6757475,4.96410897,1.67141549,101.2186167,1.417060634,0.477124315,Bucket A,20,Good,Small deadwood,None,None at this time, ,Dana Research Center facing Egan Engineering,-71.089113,42.337971,104.251557,-46.214582,-0.721936358,0.691959461,305.324886,118.371086,0.879888482,-0.475180239,135.247948,-42.790675,-0.679321879,0.733840435,7.123657,118.170288,0.881548385,-0.472093682,76.318995,15.698842,0.270580989,0.962697215,104.251557,-46.214582,-0.721936358,0.691959461
ZE01B,756,Throughfall,Anthophyta,Dicotyledoneae,Urticales,Ulmaceae,Zelkova,serrata,Zelkova serrata,Zelkova_serrata_ott762463,Japanese zelkova,leaves,428.2,447.185794,5.366229529,2.297819484,109.0770331,1.527078463,0.653894998,Bucket B,20,Good,Small deadwood,None,None at this time, ,Dana Research Center facing Egan Engineering,-71.089113,42.337971,104.251557,-46.214582,-0.721936358,0.691959461,305.324886,118.371086,0.879888482,-0.475180239,135.247948,-42.790675,-0.679321879,0.733840435,7.123657,118.170288,0.881548385,-0.472093682,76.318995,15.698842,0.270580989,0.962697215,104.251557,-46.214582,-0.721936358,0.691959461
